review,sentiment_gt
küçük geldi ama çok güzel.,Pozitif
mükemmel bir ürün için teşekkürler.,Pozitif
bayıldım. çok güzel beklediğimden daha iyi geldi. almak isteyenlere tavsiye ederim hatta hiç düşünmeden alın derim. 4 yaşa kadar kullanılıyor olması da ayrıca güzel.,Pozitif
ablamin bebeği için almıştım gayet güzel resimdeki gibi çok çabuk geldi şimdilik sıkıntı yok çok kaliteli dedi ablam,Pozitif
ürün çok güzel çok beğendim henüz kullanmadım ama baya güzel geldi sırt yerinin ayarlanabilmesi de çok güzel rahat katlanabiliyo rengi görsel den daha güzel çok tavsiye ederim almak isteyen şüphesiz alabilir.,Pozitif
geniş ve kullanışlı kalitesi de iyi. ayrıca hızlı kargo için teşekkürler.,Pozitif
gerçekten çok güzel hediye için aldım kaliteli hızlı kargo ilgili satıcı,Pozitif
"ürün göründüğü gibi  geldi, gibi çok hafif ve kullanışlı  yorumlara bakarak almıştım iyikide almışım :)",Pozitif
göründüğü gibi geldi sağlam ve çok güzel,Pozitif
ben çok beğendim hafif sürüş rahat ve iş görür çok pahalisina gerek yok bence sipariş verdim hemen kargolandi üç gün içinde ürün elimdeydi,Pozitif
fotoğrafta göründüğü gibi hızlı kargo güzel paketleme daha kullanmadık ama genel olarak iyi,Pozitif
"ürününüzü gördüğüm ve satın aldığım için çok şanslıyım, bebek için harika ve rahat",Pozitif
görseldekinin aynısı gerçekten çok güzel ve hızlı teslimat için çok teşekkür ederim,Pozitif
"eyegendım hatta bekledıgımdende guzel, tekekur ederim kaliteli ve hızlı",Pozitif
resimlerdeki gibi gayet güzel ve kullanışlı.severek kullanıyoruz.,Pozitif
"tekerlekleri yamuk, ne zaman kırılacak endişe içindeyiz. aldığımıza pişman olduk",Negatif
arka plastik parçası kırık gwldi,Negatif
çok ama çok küçük mazemeden çalmışlar.,Negatif
çek beğendik ve hemen kullanmaya başladık ilk deneyimiz uzun yolda oğlumuz çok sevdi rahat etti,Pozitif
fiyatına göre bence gayet içinden iki tane hediye çıktı onlar için teşekkür ediyoruz,Pozitif
güzel rahat bir ayakkabı her şey ile kullanılabilir ayak numaranızı tam alın.,Pozitif
"ayağım 39.5, 40 numara aldığıma rağmen rahat edemedim. taraklı ayak için pek uygun değil. iade etmedim, seneye tekrar deneyeceğim.",Negatif
ürün güzel ama çok rahat değil tam numaranızı alabilirsiniz,Pozitif
2.şişem iyi hissettiriyor tam etkilerini anlamasamda,Pozitif
hoşgeldin bebeğim 2.kutum ♥️,Pozitif
sulu bi yapısı var hafif sivilcelenme yaptı. buğday tenlilere esmerler için uygun. kapatıcılığı çok çok az,Pozitif
"çok sıvı yapısı var, çabuk emiliyor, iyi mi kötü mü anlamadım",Pozitif
yağlı ciltler sakın almayın kusuyor ve renkli olduğu için bir tık koyu yapıyor,Negatif
kuru ciltlere uygun bir güneş kremi,Pozitif
"kalibi kucuk, bana geleni ablama hediye ettim tekrar aliyorum bir buyugunu",Pozitif
çok kötü kokuyor,Negatif
telefonum zor sığdı sigara paketi sığmaz pek küçük beğendim ama beğenmedim değişik bir şey,Pozitif
hepsiburada satıcısından aldım. iki günde elime sağlam bir şekilde ulaştı.,Pozitif
"beklentilerinizi o kadar yüksek tutmayın. baş kısmındaki süzen kısım paspası yiyor, pul pul paspas dökülüyor, yan taraftaki mandallar emanetmiş gibi duruyor, tam kapatmıyor, sap kısım daha sağlam olabilirdi. almışken iyisini alalım diyorsanız en iyisinin bu olmadığı söyleyebilirim.",Pozitif
arkadaşlar ürün çok kaliteli hiç tereddüt etmeden alabilirsiniz klavyede 4 farklı model olması iyi olmuş ekran 120 hz olduğu için akıcı bir laptop alınmasını öneririm her türlü oyunu açıyor içiniz rahat olsun. kargo firmasinada hızlı ve özenli getirişinden dolayı teşekkür ederim. :),Pozitif
"bilgisayar gayet iyi, oyun için ve yazılım için aldim işimi fazlasiyla görüyor. 8gb ram yetmeyebilir yanina bir 8 veya 16gb ram eklenirse tadından yenmez.",Pozitif
temizlemesi güzel ama kovasından yıkama sıkma işlemi bir süreden sonra yapılmıyor. bu yüzden memnun kalmadım sürekli takılıyor . çok hevesle aldım ama istediğim sonucu elde edemedim,Negatif
4 yedek bez yerine 1 yedek bez geldi şaka gibi☺️ trendyolda ilk defa eksik ürün geldi hayal kırıklığı,Negatif
fiyati yuksek kalite orta,Pozitif
çok memnun kalmadık zor içine giriyor çıkıyor,Negatif
işe yatıyor düzenli kullanımda ama çok küçük çok üzüldüm bi puanı ondan kırdım,Pozitif
"düşük kalite, yüksek fiyat. değmez",Negatif
ürün orjinal değil saçma sapan bir poşete konularak gönderilmiş,Negatif
almayın hiç bir faydası yok 1 aydır kullanıyorum sadece kaşıntı başka bir değişim yok,Negatif
harika kendi bedeninizi alabilirsiniz fiyat performans çok iyi,Pozitif
daha önce lacivertinin s bedenini almıştım kalıbını duruşunu çok beğendiğim için bu ikili paketi de aldım fakat kalıpları asla aynı değil kalçanızdan zor geçiyor belinize tam oluyor duruşu da lacivert kadar güzel değil ama yinede iade etmeyeceğim kullanacağım,Negatif
o kadar güzel ki bayılıyorum💙 kumaşı kesimi duruşu mükemmel! lastik kısmı biraz sıkı beliniz ince değilse 1 beden büyük alırsanız daha iyi olur yoksa ortadan sıkılmış diş macunu gibi görünebilirsiniz,Pozitif
"e etek ne de şort, kalıbı hatalı gibi duruyor giyince, iç gösteriyor ve kumaşını sevemedim. fiyat kalite performans dengesi sıfır. mecbur iade",Negatif
"ne etek ne de şort, kalıbı hatalı gibi duruyor giyince, iç gösteriyor ve kumaşını sevemedim. fiyat kalite performans dengesi sıfır. mecbur iade",Negatif
kumaşı terletiyor durusu güzel ama kumaşını sevemedim,Pozitif
hayal kırıklığı o kadar kötü ki çok şaşırdım . kendi bedenimi almama rağmen oldukça bol ve pot du maalesef iade,Negatif
eh yaniii sert bi kot,Pozitif
aşırı kaliteli bi pantolon bedenimi aldım tam oldu sert bi jeans ama böyle daha tok duruyor bence bayıldım!,Pozitif
tam beklediğim gibi çok kaliteli ve şık bir ürün tam bedeninizi alın..,Pozitif
doğru kullanmamıza rağmen her yeri paslandı. tavsiye etmiyorum,Negatif
75 db ses ile çalışıyor,Negatif
çok memnunum. mükemmel utuluyor.  dışarıdaki fiyatlardan daha uygun aldim.  kağıt gibi saniyesinde ütüleme yapıyor.  ne bastiriyorum  ve defalarca üstünden geçiyorum.  tek kelimeyle mukemmellll..,Pozitif
çok güzeller satıcıya teşekkürler güzel paketlenmişti sapasağlam ulaştılar elime,Pozitif
görseller yanıltıyor açıklamayı okuyun. 1 büyük dikdörtgen 1 küçük dikdörtgen geldi.,Pozitif
bu ürünün neden bu kadar abartıldığını anlamıyorum. hiç kapatmıyor ve çok yağlı his bırakıyor. açık rengini aldim ama yine de çok koyu geldi,Negatif
müthiş bir ürün. pahalı ama dayanıklı.,Pozitif
çokkkk kötü sanırım sahtesi,Negatif
uzun zamandır kullanıyorum bence en iyisi,Pozitif
kesinlikle mükemmel. başka makyaj temizleme ürünü kullanamıyorum.,Pozitif
kaliteli ofisime alıyorum hep,Pozitif
iş görür fena değil,Pozitif
ürün çok ıslak değil.çabuk tüketilmesse kurur.beğenmedim,Pozitif
10 tam puan😀,Pozitif
abartıldığı kadar harika sonuçlar vermiyor,Pozitif
kalitesine bayıldım çok güzel herkese tavsiye ederim,Pozitif
ürüne su geldi resmen pas akıtıyor,Pozitif
ürünü begendim beklentimi karsiladi tavsiye edilir,Pozitif
"vazelin gibi, fayda görmedim malesef. satın aldım a çok pişmanım.",Pozitif
"tartışmasız çok güzel bir ürün, özellikle karma ciltler için.",Pozitif
herkes kendi bedenini almali,Pozitif
fena degil kollari vatkasi hosuma gitmedi,Pozitif
çok iyi guzel kahve yapiyor beklentimi karsiladi,Pozitif
kesinlikle tavsiye ediyorum ben aldım menmun kaldım arkadaşımada aldım,Pozitif
tasarım harikası🌸 yüksek fiyatına rağmen kalitesi ve şıklığıyla fazlasıyla göz dolduruyo,Pozitif
"tam bir fiyat performans ürünü. saçlarım kalın telli, çok ve uzun olmasına rağmen 15 dakikada düzleştirebildim. tavsiye ederim",Pozitif
"tam bir fiyat performans ürünü. saçlarım kalın telli, çok ve uzun olmasına rağmen 15 dakikada düzleştirebildim. tavsiye ederim.",Pozitif
ürün çok güzel ve zamanında geldi. tavsiye ederim,Pozitif
çok beğenmedim ürünü bağlantı sorunu yaşadım. ses seviyesi çok düşük,Negatif
huawei kalitesine hiç yakıştıramadığın kulağı acıtan kulaktan durmayan(bütün silikon başlıkları denedim) bir kulaklık,Negatif
ses seviyesi fazla yüksek değil,Pozitif
ürün çok güzel ve kullanışlı.kaliteli markalardan daha sessiz çalışıyor.,Pozitif
ben etkisini göremedim. iki şişe kullandım. sanırım bir daha almam.,Negatif
cok övüldüğü için aldım,Pozitif
güzel ve kullanışlı ürün teşekkürler,Pozitif
sevmedim bel kısmı sıkı üst kısmı geniş kalitesi de çok iyi değil verebilir,Negatif
"kumaşı berbat , metallerin rengi kararmış asla almayın",Pozitif
cok kaliteli ürün,Pozitif
"ürün resimdeki gibi geldi, güzel ve kullanışlı",Pozitif
sürekli kullanıyorum,Pozitif
çok iyi bir parça kumaş kalitesi mükemmel çok memnunum kesinlikle alın derim...,Pozitif
kumaşı çok güzel çok kaliteli duruyor,Pozitif
fırçayla fön çekmiş gibi oluyor saçı öyle aşırı bir etkisi yok açıkçası.saçım düz olmasına rağmen orta derecede memnunum,Pozitif
bu fiyata gayet iyi ıslak ve kuru saçla da denedim gayet güzel oldu benim saçlarım uzun ve kalın olmasına rağmen işe yaradı sadece çabuk ısınıyor biraz,Pozitif
"etkisini birkaç kullanımda bile gördüm, çok memnunum. her kuruşunu hak eden bir ürün.",Pozitif
yüzüm sivilce kustu. benim cildime hiç yaramadı. çöp oldu…,Negatif
bu ürünü cok seviyorum her seferinde alıyorum sivilce vs yasamadım cildim karma. cok hızlı kargo ve güzel paketleme,Pozitif
ürün güzel fakat kesinlikle tam kalıp,Pozitif
"terliğin kalitesi ve rahatlığı çok iyi, çok beğendim ayrıca hedlyeniz içinde çok teşekkür ederim",Pozitif
çok iyi parlatıyor kalitesi de çok iyi,Pozitif
urunum gayet saglam sekilde elime ulasti kaliteli ve saglam tavsiye ederim,Pozitif
kaliteli guzel urun,Pozitif
tavsiye üzerine aldım fena değil günlük kullanılır,Pozitif
çok güzel kokuyo fresh bir koku ve kalıcı gerçekten,Pozitif
kokusuna ve tüm gün kalıcı olmasına bayıldım 🥰,Pozitif
çok güzel yumuşacık yok gibi kesinlikle tavsiye ediyorum desteği de yeterli derecede :),Pozitif
"kalitesinden çok memnun kalmadım, dikişleri pek iyi değildi",Negatif
hem rahat hem toparlayıcı sıkı bir tayt ben çok beğendim,Pozitif
kokusu çok hoş kullanıyorum baya saç dökülmem azaldı,Pozitif
bu urun benim her seyim kokusuna her seyine bayiliyorum bu olmadan bir hayat dusunemiyorum,Pozitif
çok severek kullanıyorum anında beyazlık sağlıyor,Pozitif
gözeneklerime çok iyi geliyor hangi sitede ucuza bulursam ordan alıyorum hep. başarılı ürün.,Pozitif
gayet pratik ve kullanışlı...,Pozitif
ürün çok güzel tavsiye ederim çok pratik sil bırak iz kalmıyor,Pozitif
çeyizim için aldım harika alın aldırın :),Pozitif
mükemmel kalip kullanışlı çeyiz icin,Pozitif
kaç aydır kullanıyoruz gayet güzel ürün,Pozitif
çok kullanışlı ve fırçası yumuşak,Pozitif
biraz sert ve simli çok bayılmadım ama kullanmaya çalışıyorum,Pozitif
güzel tüy topluyor satıcıya da teşekkür ediyorum,Pozitif
"ses kalitesi çok iyi, tavsiye ediyorum kesinlikle. hızlı teslimat ve hediyeniz için de ayrıca teşekkür ederim 🤩",Pozitif
saçlarım parlak ve canlı duruyor hızlı teslimat için teşekküller,Pozitif
kaliteli bez,Pozitif
ürün çok güzel herkese tavsiye ederim özellikle ambalajlı tertemiz teslim aldım çok hoşuma gitti tekrar,Pozitif
güzel temizliyor begendim. harika paketlenmisti saticiya tesekkurler.,Pozitif
ürün gayet güzel doğru ölçüm yapıyor tavsiye ederim,Pozitif
ürün çok güzel çok memnun kaldım kokusu da çok hafif 👍🏻,Pozitif
ürünü çok beğendim. şık ve güzel görünüyor. özellik bakımından yeterli,Pozitif
kargo paketleme güzel zarar görmeden geldi. ürün çalışıyor. tek sıkıntısı biraz ağır. onun dışında çok güzel,Pozitif
parasına göre gayet başarılı,Pozitif
tablet o kadar kaliteli ki düşünmeden alın,Pozitif
çok güzell yazılımı var renkler macro ayarları ve 9 tuş ürün efsane hiç düşün neden alın derim:),Pozitif
"güzel,korunaklı kargolandı ama ürün biraz basit duruyor,arkaya doğru çok fazla esnedigi için kırılacakmıs gibi geliyor.",Negatif
harika bir ürün baska marka denemedik ama bir erkek olarak kek yapmak harika,Pozitif
çok beğendim tasarım güzel paketleme iyi kargo hızlı ürün harika,Pozitif
beklediğimden güzel görünüyor haznesi baya büyük ilk olarak patlıcan közledik sonuç mükemmel. wifi bağlantısı çok iyi çalışıyor.,Pozitif
biraz dandik gibi görünüyor elimde kalacak diye korktum  üst kapağıni açtım bir dahs kapatmaya çalışırken tam kapanmadi ağzı havada kaldı,Negatif
sorunsuz elime ulaştı kahvesi bir harika iyiki bu markayı seçmişim ilk közde kahve yaptım tadı harika,Pozitif
tam bir fiyat performans ürünü ciddi anlamda memnunum cay yapmasi malzeme kalitesi ic ekipmanlari herşeyi çok yeterli 6 aydir kullanıyorum henuz bir problem gormedim kesinlikle tavsiye ederim,Pozitif
"çok kaliteli bir ürün fazlasıyla memnunuz ve severek kullanmaya devam ediyoruz, çok geç soğuyor ve kullanırken kalitesi kendini belli ediyor",Pozitif
"çok iyi hemen ısınıyor ,saçlarım pürüzsüz dümdüz oldu. sipariş verdiğim ertesi günü hemen elime ulaştı",Pozitif
kesinlikle alınmalı  iyi ki de aldım ilk kullanımda kesinlikle farkı hissediyorsunuz cildinizde bir nefes alma hissi aşırı güzel çok tşk ederim bayıldım🙏🙏,Pozitif
harika bir ürün 👍🏻,Pozitif
çok iyi beğenerek kullanıyorum 2-3 kişi için ideal,Pozitif
çatlaklarımı azalttı ve selülitlerime çok iyi geldi memnun kaldım,Pozitif
çok kaliteli bir mont yalnız bir beden küçüğünü alın kalıbı baya büyük,Pozitif
beklediğim kadar değil anlık beyazlama sağlıyor düzenli kullanımda da komple geçmiyor,Pozitif
aşırı güzel çok severek giyiyorum,Pozitif
satici soz verdiği tarihte kargoladi urun sapasaglam bir şekilde geldi cok kaliteli cok memnun kaldim teşekkür ediyorum,Pozitif
m. bazen ürün çok iyi fakat satıcı işe yaramazsa ürünün kalitesinin de kıymeti kalmıyor. çünkü yolda deforme oluyor yani satıcı bazen 1 tık öne geçiyor teşekkürler,Negatif
"ev için çok ideal, bir adet foto denemesi yaptım oda iyiydi fiyat performans olarak süper",Pozitif
"harika,net ses ve kuvvetli bas verirken kulağa mükemmel şekilde oturur,çok beğendim,tavsiye ederim,teşekkürler",Pozitif
"rün çok kullanışlı bayıldım, internet bağlantı hızınıza göre kullanım farklı gelebilir ama görüntü kalitesi net, ses iyi.. fiyatını hakediyor. kargo temiz ve sağlam geldi. teşekkürler",Pozitif
çok rahat ve şık bir ayakkabı. bu markayı mutlaka deneyin a dostlar,Pozitif
bahsettikleri ile alakası asla fiyatını haketmeyen bir ürün bakkaldaki normal bir diş macunu ile hiç bir farkı yok kesinlikle tavsiye etmiyorum,Negatif
bu kadar güzel yorum görünce 2 tane almıştım ama hiç beğenmedik daha birincisini bile kullanamadım. diş eti kanaması yaşıyordum daha da fazla olmaya başladı. kokusunu da sevmedim.,Negatif
ürün mükemmel eğer kahve tiryakisi ve sütlü kahveleri beğeniyosanız muhakkak alın. kahveleri sıcak çıkarıyor ılık diyenlere aldanmayın.,Pozitif
neden daha önce almamışım dediğim bir ürün oldu süpürmesi o kadar kolay. satıcıya da sonsuz teşekkürler her soruma sabırla cevap verdiği için. çok pahalısını almayın arkadaşlar inanın işinizi görür bu makine,Pozitif
ayak pedal kısmındaki demir kırıldı.insan sağlığını tehlikeye atıyorsunuz.başka söze gerek yok,Negatif
paranızı çöpe atmak istemiyorsanız bu ürünü almayın aldırmayın. 2 ay sonunda kullanılmayacak bir durumda kayış kalitesiz . ürün parçaları eksik geldi.,Negatif
bebeğimizin en çok vakit geçirdiği yer. bu zamana kadar bebeğimiz için yaptığımız ücretini sonuna kadar hakeden ürün bu oldu. üzerinde vakit geçirmekten çok mutlu kendini hareket ettirmekten de çok keyif alıyor,Pozitif
tok tuttuğunu ve zayıflatmaya yardımcı olduğunu kesinlikle düşünmüyorum. reçel gibi yedim resmen . sadece bağırsakları çalıştırıyor o da çok fazla değil,Negatif
indirimdeyken almıştım çok memnun kaldım,Pozitif
iki kutu kullandım ve hiç faydasını görmedim. sadece biraz kilo aldım,Negatif
çok memnun kaldım. gece kullanım için ideal. çıkarma ihtiyacı hissettirmiyor.,Pozitif
kaliteli oldukca güzel paketleme,Pozitif
çok güzel ışık veriyor çok memnunum.. yemek masalarımın en şık aksesuarı,Pozitif
başlığın lacivert olduğu belirtilmemiş gri gibi duruyodu gri diye aldım kot deseni lacivert çıktı hiç beğenmedim keşke daha detaylı anlatılsa ürün bizde iadeyle uğraşmasak üstelik mesajlarada dönüş yapılmıyo,Negatif
"geniş ve kullanışlı, beğendim.",Pozitif
"ürün ilk elime ulaştığında bataryasında problem vardı , müşteri temsilcileri sağolsunlar çok ilgilendiler hemen ürün değişimi yapıldı. bilgisayarımı kurdum. ve çok memnunum. hepsiburada kalitesinden şaşmam. herkese tavsiye ederim.",Pozitif
ürünün öne çıkan özelliği soğutması bence onun dışında fiyat performans olarak güzel buldum,Pozitif
gerçekten harika bi bilgisayar tam beklediğim sekilde fiyat performans olarak tam yerinde tavsiye ederim,Pozitif
super,Pozitif
ürün çok çabuk elimize ulaştı şaşırdık doğrusu cumartesi öğleden sonra verdik pazartesi sabah elimizdeydi .sorunsuz geldi . kargolama iyiydi.kurulumunu yaptık şimdilik memnun kaldık.,Pozitif
tartışmasız casper kalitesi en iyisi olup iyi ki aldım. alın ve ömür boyu arkanıza bakmayın,Pozitif
"ayağım 40 olmasına rağmen 41 sipariş ettim dar kalıp biliyorum çünkü.  ama 41 bile kangren etti, iade ettim. giydikçe rahatlasip yumuşar ama o zamana kadar yara olur ayaklar.",Negatif
anlarinda kanca görünüyor ama benimkinde kanca yok o yuzden 1 yıldız,Negatif
farklı ürün gönderildi,Negatif
"eşime aldım fakat hiç memnun kalmadı hiç rahat değil iki çift birbirinden kalıp olarak farklı, aldığımıza çok pişmanız",Negatif
"eşime aldım ancak giyemiyor çünkü sürekli ayağını yara yapıyor daha önceki botu da cat markasiydi ancak bu bot pek mutlu etmedi, hatta orijinal degilmi demeye başladı.",Negatif
ürün kaliteli fakat bana gelen ürünün sağ ayağı kusurluydu kullanilmis gibiydi değişim talebinde bulundum bakalim.,Negatif
bot üzerinde derin iz ve lekeler var.  iade ediyorum.,Negatif
cat in en kalitesiz ürünü olsa gerek,Negatif
bence orijinal değildi,Negatif
"kalıbı çok büyük, hiç beğenmedik iade ettik",Negatif
çakma yerli üretim,Negatif
sağ ve sol teki farklı numaralar geldi iade ettim,Negatif
berbat cat kalitesi yok,Negatif
ürün hemen çökme yaptı,Negatif
hasarlı ve giyilmiş ayakkabı gönderdiler zaman kaybı.,Negatif
%100 şu geçirmez garantili ürün değil bilginiz olsun üstünde waterproof ibaresi olmayan ürünlerin hiçbiri şu geçirmez garantisi vermez kesinlikle israf paranız heba olur,Negatif
hiç rahat değil,Pozitif
"çok kötü orıjınal gıbı durmuyor,",Negatif
çakma ürün,Negatif
"am numaranız neyse onu almanız gerekiyor , yorumlara bakarak bir numara küçük aldım ve olmadı",Negatif
botlar yağmurda su geçiriyor. açıklamada yazan su geçirmez ibaresine inanmayın,Negatif
41 numara ile degisim istemek adina talep olusturup kargoladim fakat iade kabul ettiler. satici 👎,Negatif
ürün defolu geldi. cat markasına hiç yakışmadı.,Negatif
çok kötü,Negatif
alabileceğiniz en rahatsız edici ayakkabı yemin ediyorum,Negatif
berbat taban yapıştırması kartondan keçenin altındaki yer,Negatif
fena değil,Pozitif
telefon istediğim gibi çıkmadı iade etmek istiyorum,Negatif
satıcı telefon kılıfı göndermedi,Negatif
kullanımı zor bir tlfon tavsiye etmem,Negatif
ürünün sıkıntısı hiç bitmiyor hiç bir uygulama doğru düzgün çalışmıyor ekran kapalı iken hic bir uygulamadan bildirim gelmiyor,Negatif
"google uygulamaları yok, bu büyük bir sorun, gspace programını kullanarak bazı uygulamalara erişim program içinden gerçekleştiriliyor, programı açmadan uygulamaları kullanamıyorsunuz.",Negatif
berbat telefon.ben de huawei mate 20lite vardi.harikaydı.ama bu google servislerinin doğru düzgün çalışmıyor.tmm herşey bir şeklide indiriliyor fakat ya yavaş yavaş ya da tekrar yükleyin falan gibi msjlarvgeliyor. var güzel. ama değer mi değmemiş.,Negatif
"kamerası arızalı geldi,donuyor,geçişleri 10 saniye sürüyor,ürün için iade talebi oluşturdum, umarım sıkıntı yaşamadan iade edebilirim...",Negatif
telefon elimde dururken bir 5 dk a ısınıyor.sarj alırken isiniyor,Negatif
satıcı sattığı urunun arkasinda durmuyor. ayıplı ürün olmasina rağmen çözüm üretmek yerine gecistirici davranıyor,Negatif
ürünun on kamerasi mor efektli gibi cekmeye başladı dusme darbe herhangi bi olay olmadi ama birden on kamera morumsu pembemsi cekmeye basladi,Negatif
begenmedim,Negatif
iyi hoşda çok ağır,Negatif
merhaba. öncelikle 1 yıldız vermemin sebebi aslnda ayıplı ürün olduğunu bildirmek.,Negatif
ürünü yaklaşık 1 senedir kullanıyorum. özellikle tüm yorumları okuyarak satın aldım. ama hayal kırıklığına uğradığım özellikleri oldu.,Negatif
telefonun ekranıyla kasası arasında kenarlarda boşluk var ve buralardan ışık çıkıyor. ayrıca ekrana dokunduğunuzda ekran yerinden oynuyor ve ses çıkarıyor. gerçekten mağdur oldum.,Negatif
telefonun ahizesinden cok az ses geliyor  ve hoparloru de en yuksek seste cızirti yapiyor  hepsiburadanin kendisinden satin aldim sirf  bu sorunlari yasadigimda  guvenle degistirebileyim diye,Negatif
arızalı telefon geldi...,Negatif
burdan  aldigim yine  bir  iphone  hatasi telefon  kurulum  yapilirken  isiniyor  telefonda  konusma  yapin  on  dkika  isiniyor  sarjdayken  asiri  isiniyor,Negatif
ürünün sağ üst köşesi saat kadrajının üstü ve altında ölü pixel? var. ekran bozukluğu nedeniyle iade yapıyorum. umarım beni mağdur etmezler,Negatif
ürünü aldım 2 ay sonra ön hopörler arızası çıktı.,Negatif
telefonun ekranında leke vardı iade kabul etmeyeceklerini bildiğim için uğraşmak istemedim,Negatif
cihaz aciklamasinda belirtildigi gibi gelmedi. ıade talep ettim.,Negatif
gelen urunun ahizesi calismiyordu. hepsi burada beni magdur etmedi ve iade yaptim.,Negatif
o kadar para verip sıfır diye alıyoruz ama telefon daha önce kullanılmış çıkıyor.,Negatif
"kullanılmış paketi açılmış ürün gönderiyor hepsbibuarada,sanki appleın kutusunu jelatinini bilmiyoruz",Negatif
ürün daha önceden kutusu açılmış  temizlenmiş sonradan kutuya orijinal olmayan bir jelatinli gönderdiler  telefon orijinal kullanılmamış ama daha önceden kutusu açılmış olması rahatsız ediyorum dici,Negatif
telefonun kutusu ezik geldi ve arka tarafıyla kasası arasında açıklık var.,Negatif
batarya yı günde ikikez şarj etmek zorunda kalıyorum tavsiye etmiyorum,Negatif
ürün hiç. açılmadı  gerçekten yazık ya satıcı da hiç ilgilenmedi değişim istedim kaale bile almadılar,Negatif
"ürünümün kamerası bozuk geldi , değişim tercihinde bulunmama rağmen direk paramı iade edildi.",Negatif
ürünü 1 aydır kullanıyorum. parlaklık fullde olduğu zaman ekranın alt kısmı ana menüde olsam bile çok ısınıyor.,Negatif
ekran sapsarı kesinlikle almayın rezalet resmen,Negatif
ürün arka camından hasarlı geldi suriye’de görevde olduğum için üstüne düşüp iadesini yapamadım,Negatif
aldığım telefon arızalı çıktı kamerası insanı hayalet gibi gösteriyor konuşma yaparken kendi kendine kapanıp açılıyor servise göndermek zorunda kaldım,Negatif
aşırı şarj gidiyo daha 2. gün ve cihaz ısınıyor müzik dinlemeyle (3 saatte %40/45 ) arası şarj gitti ürün yenilenmiş gönderiyolar,Negatif
ilk gelen ürün maalesefki ikinci eldi sanırım. değişim yapmak zorunda kaldım.,Negatif
"telefonun ekranı çizik geldi, iade etmek zorundayım",Negatif
arkadaşlar 10k üzerinden aldığım telefona üstüne birde kargo ücreti ödedim fark etmedim etseydim iade edeceektim ama iş işten geçti kesinlikle almayın.,Negatif
arızalı geldi 2 kez.,Negatif
iphone işte parası olan alsın,Negatif
marka ya verilen paradır. gerisi bos,Negatif
fiyatına göre bir ürün değil,Negatif
paketleme ve kargo çok kötü ve özensiz telefon kırılmaya darbeye vb. şeylere müsait,Negatif
ürün bozuk geldi iade ediyorum satıcının bilgisine.,Negatif
satıcı berbat,Negatif
"ürünün 1 gün geçtikten sonra arızalı olduğunu fark ettim, apple servisi 1 hafta süre istedi, benim için android’den geçiş sonrası büyük hayal kırıklığı oldu iphone",Negatif
ölü piksel vardı geri iade edildi.,Negatif
kotu,Negatif
pil sıcak iyi değil,Negatif
ürün bozuk geldi sarj soketi bozuk şarj almıyor,Negatif
face ıd çalışmıyor ve iade edeceğim,Negatif
keşke daha önce alsaydım. çabuk geldi. indirime girdikçe alacağım.,Pozitif
fiyatı düştükçe stok yaptığım bir ürün,Pozitif
dı gayet iyi 1 kutu bitirince yorum yapmak istedim gayet etkili bir çay ödem atmada çok yardımcı oldu yeme isteğinizde azalıyor bayıldım,Pozitif
hiçbir faydasını görmedim bazı kullanıcılar ilk kullanımdan itibaren etkisini gördük demiş ilk kullanımda mucizeler beklemiyordum zaten ama ne bir ödem atılması ne bi şişkinlik problemi hiçbirine etkisi olmadı. aromalı bitki çayı niyetine bir kutu bitirdim. bi daha alır mıyım. hayır,Negatif
"ses kalitesi gayet iyi, mikrofonla görüşmede de hiçbir sorun yaşamadım. online derste kullandım, orada da iyiydi. bağlanma hızı süper.",Pozitif
"hepsiburada'dan aldım, ithalatçı garantili geldi. kulakta kaba duruyor.",Negatif
ben aldim sizde guvenerek alabilirsiniz ses kalitesi vb cok gusel ve merak edenler icin ürün orjinal,Pozitif
ben çok beğendim şimdilik hiçbir sorunu yok üç gündür kullanıyorum henüz,Pozitif
sarjinin çok dayanıklı oldgunu söyleyemem iki güne bir şarj ediyorum ama  çok kullanıyorum onun dışında mükemmel. bir ürün teşekkürler,Pozitif
ses seviyesi biraz düşük ama gerisi mukemmel,Pozitif
çok çok güzel bir cihaz. kendi küçük ama ses kalitesi çok iyi. yani gümbür gümbür ses var. aldığım için çok mutluyum. içeride dışarı da rahatlıkla kullanılabilir. şarj iyi 4-5 saat tek şarj da dinleyebilirsiniz.,Pozitif
çevremde köpük yapmadığını söyleyenler olmuştu yanıldıklarını rahatlıkla söyleyebilirim. içindeki ölçü kaşığı ile konulduğunda gayet köpüklü oluyor.,Pozitif
"güzel bir ürün ben beğenerek kullanıyorum köpüğü lezzeti yerinde bir yıldız kırma sebebi ise bittiğinde uyarı sesi az ve melodili değil başında değilseniz anlık, bittiğini duyamıyorsunuz bu durumu sevmedim",Pozitif
"ürünü beğendik. sütü güzel ısıtıyor. taşma yapışma yok. közde kahve keyifli, köpüklü. satıcı ürünü kalınca karton kutuyla paketlemiş. hızlı teslimat.",Pozitif
iyi ki almışım. çok memnun kaldım. eşim bile artık mükemmel kahveler yapabiliyor☺️,Pozitif
"orginal kutusunda bir günde geldi. kapasite olarak iki kişi için yeterli. smart özelliği telefondan kontrol ve tarifler artı bence sırf o yüzden satın aldım diyebilirim şık duruyor keşke siyah renk opsiyonu da olsaymış ama beyazda kötü durmuyor köfte, patates, balık, muffin denedim gayet başarılı taysiye ederim kesinlikle",Pozitif
"gelir gelmez tavuk kanat denedik, gerçekten dışarıda yediğimiz gibiydi. fırında bu sonuçları alamıyoruz. hızlı, minimum koku, sessiz, teknolojik ve güzel tasarımlı.  tavuklar 25 dkda bı hale geldi 👌🏻",Pozitif
bu fiyata gerçekten çok iyi bir telefon almayı düşünen varsa hiç tereddüt etmeden alsın. kargo ve paketleme de sorunsuz 1 günde teslim aldım,Pozitif
yıllardır oppo kullanıyoruz . çok iyi cihazları var . fiyat aralığına göre 128 gb lık güzel bir modeli . tavsiye ederim. teşekkürler hepsiburada ailesi ...,Pozitif
çok beğendik hızlı geldi kargo korunaklıydı telefon gayet güzel pahalı telefonlara hiç gerek yok gayet iş görür,Pozitif
bu fiyata yeterli ve fazlası var. oğluma aldım. sıkıntı yok. günümüzde beş altı bin olan karşılaştırma yapmak biraz abes olur. pahalı telefonu alo için kullanan kişiler elindeki telefonun bir çok özelliğine vakıf bile değildir. dediğim gibi aldım pişman değilim. teşekkürler.,Pozitif
uzun suredir kullandigim bir urun. lekeler icin kurtarici gercekten. ikili alarak daha uyguna gelmisti. tesekkjrle,Pozitif
tam olarak anlayamadım başarılı bir ürün mü. tişörtte leke vardı sıktım makineye atıp yıkadım ama çıkmadı. iyi bir ürün mü bilemedim.,Pozitif
ürün elime hızlı ulaştı ama ben kullanarak öyle yorum yapayım dedim çok güzel işe yaradı memnun kaldım oğlum için almıştım akşama kadar ayakkabıyı işte çıkarmadığı için çok kötü koku vardı ürünün sayesinde kurtardım teşekkürler,Pozitif
ürünü denedim ben faydasını gördüm. toz içerikli olduğu için ister istemez çoraplar biraz tozlanmış ama ziyanı yok önemli olan işleviydi. minik hediyeniz( türk kahvesi) için ayrıca teşekkür ederim.,Pozitif
çok ama çok güzel 🧡 gerçekten bu kadar kaşlarım da fark olacağını bilseydim daha önce alırdım.yanında fırçası ile gelmesine çok sevindim.yanında ki hediye için de ayrı teşekkür ederim 😇,Pozitif
önceden kullandığım ürünlere göre en iyisi bu. kokusu rahatsız etmiyor doğal duruyor. çok hoş bir kutuda da geldi. parfüm hediyeniz için teşekkür ederim,Pozitif
ürünü indirimde almıştım. lavabolarım pırıl pırıl ☺️,Pozitif
sadece kokusu güzel onun dışında hiçbir bir işe yaramaz,Negatif
ürünü yaklaşık bir ay kullandıktan sonra yorum yazmak istedim. minicik bir damla sürmek yetiyor göz çevresine. soft krem gibi yapısı var emilimi hızlı. benim göz altlarım genetik olarak mordu. tamamen kaybetmese de baya baya azalttı. aydınlandı göz altım. ürünü cok begendim.,Pozitif
"harika nemlendiriyor, alerji yapmadı",Pozitif
ürün bende yağ bezesi yaptı sanırım.,Pozitif
bir etkisini göremedim. ürün bitene kadar kullandım,Negatif
"ürün oldukça kaliteli ve etkili, kısa sürede göz çevremde dolgunluk hissi oluşturdu. tavsiye ederim.",Pozitif
çok uzun zaman kullandım bir faydasını göremedim gece sürüp yattığımda çok fazla yakıyor gözümü,Negatif
ürünü anlatmaya gerek yok çok iyi zaten küçük hediyeniz için teşekkür ederim 🤗🤗,Pozitif
kesinlikle harika bir ürün. yaklaşık 3/4 haftadır kullanıyorum. ten rengimi açtı güneş lekelerimi açtı neredeyse yok oldu. cildim daha pürüzsüz dolgun duruyor.,Pozitif
"muhteşem bir ürün annem için ikinci alışım, teşekkürler..",Pozitif
kullandığım bir krem cildimi yumuşacık yapıyor normalde birçok krem sivilce yapar bende fakat bunda hiç olmadı kargo da çok hızlı geldi teşekkürler,Pozitif
ürün çok güzel nemlendirip cilt tonunu eşitliyor,Pozitif
çok güzel gayet sağlam ve hızlı geldi,Pozitif
güzel akıtmıyor. pipetle içme kısmı biraz kısa gibi ama bebeğim içebildi.,Negatif
pipet kısmı çok çabuk koptu ve yedek parçası da satılmıyorşuan ki kullanım durumuna çok şaşıracaksınız,Negatif
philips avent kalitesi kullananlar bilir zaten. asla başka marka kullanmadım bebeklerime,Pozitif
çok güzel biberon,Pozitif
saat güzel hiç bir sıkıntısı yok suya dayanıklılik olsun hiç birşey olmadı  sadece şarj oranı beğenmedin en fazla 2 gün gidiyor ama. her konuda yardımcı oluyor  tavsiye ederim,Pozitif
havuz deniz duş temizlik spor her anımda bileğimde kullanışlı dayanıklı daha ne olsun 🌸,Pozitif
çok ağır ve çok kaliteli şık duruyor,Pozitif
boyutu ve hacmi beklediğimden çok daha büyük geldi. hem misafir hem günlük için kullanılır paketleme çok iyi yapılmıştı teşekkürler🌸,Pozitif
"merhaba satıcısı olan hepsiburada’ya teşekkür ederim. ürün kutusu, içeriği sağlam bir şekilde ulaşım sağladı. dyson kalitesi zaten tartışılmaz :) estetik duruşu ve parça çokluğu mükemmel alacak olan herkese tavsiyemdir",Pozitif
"çok güzel paketlenmiş, çalışır halde elime ulaştı.",Pozitif
"yumuşak bir içimi var, her içen taze çekilmiş kahve zannediyor. sürekli aldığım bir ürün",Pozitif
çok güzel bu fiyata kaçmaz,Pozitif
ben çok beğendim ürün güzel ama carsafi çok ince,Pozitif
çok güzel rengi kalitesi kesinlikle tavsiye ederim,Pozitif
kumaşı çok güzel duruşu da. çok güzel kendi bedeninizi alabilirsiniz.,Pozitif
s giymeme rağmen yorumlara bakarak m beden aldım. iyiki de öyle yapmışım bedenler bir tık küçük.,Pozitif
ürün çok iyi tam bir fiyat performans ürünü çekme gücü müthiş.,Pozitif
"kapı ya da köşelerden geçerken tekerlekler dışa doğru çıkıntılı olduğu için takılma yapıyor.plastik köşeleri tam kavisli değil, küçük kızım yanından geçerken ayağı takılınca ufak kesik yapıp kanattı. dikkat gerektiriyor!!!!",Pozitif
"ürün kibar ve performans olarak başarılı. sesi rahatsız edici değil. haznesi kolayca takılıp çıkarılıyor, boşaltması da kolay. hafif olduğundan kullanıcıyı yormuyor. tavsiye ederim.",Pozitif
ürün orijinal kutusunun daha önce açılmış olması hepsiburada'ya olan güvenimi sarstı. kendimi teşhir ürünü almış gibi hissettim. ayrıca hediye aldığım kişiye mahcup oldum.,Negatif
tek kelimeyle harika ikinci hamileliğim de kullanıyorum yağlı his bırakmıyor kokusu çok hafif ve çok işlevsel çatlamasını istemediğim bölgelere sürdükten sonra elimde kalanı yüzüme ve dirseklerime sürüyorum yumuşacık oluyor,Pozitif
bir haftadır kullanıyorum mucizevi bir değişim henüz yok ama satıcı iyi paketlememiş ürün sağlam elime ulaştı,Pozitif
tavsiye üzerine aldım iyi ki aldım daha ilk kullanımda bile yüzüme o parlaklığı verdi,Pozitif
tavsiye üzerine lekelerim için mezoterapi sonrası kullanmaya başladım kırmızı serumla birlikte ve 10 günde bile sen cildine ne yaptın tepkileri almaya başladım😎❤️teşekkürler,Pozitif
ürünü daha öncede kullandım.  çok memnun kaldım cildimin nem ihtiyacını karşıladı sivilce yapmadı yanında küçük hediyeniz için teşekkürler...,Pozitif
"uzun süre nemli kalıyor, kullanmaya devam edeceğim.",Pozitif
kesinlikle çok güzel. alın aldırın,Pozitif
"gayet güzel paketlenmiş, fırçası da içindeydi. sıkıntısız geldi. hemen denedim şimdilik gayet güzel duruyor. satıcıya dikkat ederek alabilirsiniz. sorgulattım orjinal ürün.",Pozitif
ürün elime hızlı ulaştı. kokusu harika iyi ki almışım.,Pozitif
çok kısa sürede çok korunaklı bir şekilde geldi. uygun fiyatlı bir ürün.,Pozitif
reçete satıcısından aldım. inşallah sıcakta yapısı bozulmamıştır kargoda geldiğinde aşırı sıcaktı ürün.,Pozitif
ürünün kapağı açılmış ve hafif dökülmüş şekilde geldi.,Pozitif
güzel beğendim hoş kokusu yumuşak dokusu ve renksiz oluşu hoşuma gitti.,Pozitif
hem hafif renk veriyor hem de yumuşatıyor.,Pozitif
mükemmel ötesi. artık evimizin vazgeçilmezi. paketleme gayet iyiydi. çok teşekkürler,Pozitif
kesinlikle tavsiye ediyorum,Pozitif
iyi sayılır.,Pozitif
"çok hızlı bir şekilde elimize ulaştı, çok sevindim ancak hayal kırıklığına uğradım çünkü robot süpürge salondan çıkmıyor, diğer odalara gitmiyor. harita kurulumu yapıldı ancak diğer odalara asla geçmiyor....",Negatif
severek kullanıyorum sıcak tutması çok iyi.,Pozitif
5 yıldız koydum ki okunsun teslim alalı 3 gün oldu denemek istedim bugün evden okula gidinceye kadar soğumuş bile . görüntüsüne aldanıp kutusunu ve faturasını atmıştım umarım iade kabul ederler . şık olsun sıcak tutması çok önemli değil derseniz alın ama paranıza yazık !!,Negatif
çok güzel paketlenmiş hiç dökülmeden hızlı bir şekilde ulaştı. teşekkürler.,Pozitif
bu bezler şahane bir paket daha sipariş verdim tüm sevdiklerime hediye ediyorum dualarını alıyorum hediye ettiğim herkes çok memnun,Pozitif
inanılmaz kalıcı bir beyazlık sağlıyor daha ilk fırçalamada bunu gördüm şiddetle tavsiye ederim,Pozitif
sabitleyici özelligi gayet güzel. kokusuna ayrı bayıldım indirimden hic düsünmeden alabilirsinizz,Pozitif
"fiyatına göre performansı biraz düşük. tüm gün kalıcı değil, fırçası iyi değil ancak boyutu büyük. indirimde çok indirimde alınabilir:)",Negatif
çok ama çok kötü gerçekten fiyasko yorumlara asla aldanmayın  indirimden yararlandım böyle bir şey olamaz gelen fırçası öyle eğik değil eğik olmayınca ürünü eşit alamıyor ve asla ve asla kalıcı değil 1saat sonra iniyor kaş direk boşuna paranızı vermeyin derim ben.,Negatif
sos için aldım çok çok minik oyuncak gibi ama ben böyle arıyordum,Pozitif
"daha iyisini kullanmamıştık diyebilirim. çok kullanışlı, hiç yapışmıyor. 3x titanyum kaplama sağlıklı olduğu için bu ürünü tercih ettim.",Pozitif
uzun zamandır kullanıyorum. bosch ctka08a filtre kahve makinasının haznesine tam oturuyor. filtremesi güzel. fiyatına göre çok kaliteli. tavsiye ederim.,Pozitif
hızlı kargo. iyi ürün.,Pozitif
korkunç kalite.  kahve dökerken filtreler kırılıyor,Negatif
piyasadaki ürünlerden uygun fiyatlı ve gayet kaliteli. kahve tadında herhangi bir değişim de olmadı. tavsiye ederim.,Pozitif
tam olarak işini yapıyor.,Pozitif
boyutları ideal 6 saat olmuştu hala kaynar dururuyordu içebildik .teşekkürler,Pozitif
"çok kaliteli, daha önce almadığına pişmanım",Pozitif
"kaliteli, ertesi gün jet hızla evime ulaştı.",Pozitif
fiyatını göre gayet uygun.,Pozitif
"çok araştırdım, en uygun fiyatlı ürünü burada buldum. ürünün kalitesi tartışılmaz zaten. sürekli kullanıyoruz. teşekkürler hepsiburada.",Pozitif
ürün bu şekilde kutu içerisinde geldi dökülme kırılma yada sızma yok teşekkür ederim,Pozitif
ürün gayet iyi hepsi burada güvencesiyle uygun fiyata aldık teşekkürler.,Pozitif
urun kaliteli ve satıcı olsun kargolama olsun hepsi mükemmel gönül rahatlığıyla alabilirsiniz.,Pozitif
harika bayıldım çok güzel herkese kesinlikle tavsiye ederim cildi mükemmel yapıyor.,Pozitif
videoları izleyince mucize bir şey bekliyorsunuz ama bildiğimiz sabun yani kokusu bile kalıcı değil.,Negatif
pembe olanı kullanıyordum bu modeli ilk defa denedim ve bayıldım. hediye için de teşekkürler,Pozitif
çok bir özelliği yok almasan da olur güzel kardeşim,Pozitif
çok kullanışlı bir kupa.,Pozitif
"ürün göründüğünden bile daha güzel, çok memnun kaldık",Pozitif
öncelikle benim gibi yorumlara bakıp kararsız kalanlar düşünmeden alın ürün elime dün ulaştı hemen közde kahve özelliğini denedik tek kelimeyle bol köpüklü ve lezzetli sütlü özelliğine gelirsek çoğu yorum dibi tutması arkadaşlar sütlü kahveyi nerede yaparsanız yapın dibi tutar zaten. sütlü kahveyi yaptıktan sonra biraz kabın içinde su bekletirseniz o dibi kabarıyor ve kolayca fırçayla çıkıyor .bu fiyata hem sütlü hem közde bence mükemmel kargo özenle paketlenmişti. teşekkürler...,Pozitif
ürün sorunsuz teslim oldu gelince deneme yaptık bayağı sıcak oluyor kahvesi lezzet olarak da güzel ama kullandıkça makinenin dilinde anladıkça daha güzel kahveler içeceğiz umudu var,Pozitif
yani anlamadım ama sütlü kahve yaparken sütü üçtür taşırıyor ve dibine yapışıyor çok zor temizleniyor puanı oradan kırdım devam ederse ne yapacam bilemiyorum,Pozitif
tavsiye üzerine aldım . kahve güzel ama sütlü kahve mühteşem oldu . çok daha köpüklü oluyor . :)),Pozitif
mobifon satıcısından aldığın urun kutusu yırtık ve daha önce acilmış olarak geldi. iade ettim.,Pozitif
ürünü alalı 1 yıl olacak neredeyse teknolojiden anlayan biri olarak araştırıp alıyorum. pişman olmayacağım bir üründü nitekim de öyle oldu. performansı çok başarılı en önemlisi de pil performansı. 75 m2 evi 3 defa peş peşe süpürüyor 4 e de zorlar yani ve turbo performans ile. satıcıdan ve üründen çok memnun kaldım. teşekkürler 🙏,Pozitif
evi emdi süpürdü. gözle görün diye fotoğraf ekledim. 2 kedi olan evi tertemiz yaptı. turbo modda şarj çabuk bitiyor fakat emiş gücü harika.,Pozitif
başka markaları da görmüş biri olarak en iyisi diyebilirim. çok memnunum. vakum gücü çok iyi.,Pozitif
büyük kolaylık sağlıyor.,Pozitif
tek kelimeyle muhteşem. alın aldırın asla pişman olmazsınız.,Pozitif
çok güzel şarkı dinleniyor maillere bakılıyor tavsiye ederim,Pozitif
sonunda verdiğim paraya değer bir şey.,Pozitif
hissiyatı mükemmel bir klavye,Pozitif
beklentim çok fazlaydı kapatılıcığı çok çok az hiç begenmedim almam birdaha,Negatif
ürün kuru ciltler için asla kullanıma uygun değildir. kapatıcılığı çok az ve çizgi çizgi görünüm yapıyor.,Negatif
bir numarayı aldım asla övüldüğü gibi değil kırmızılık var resmen :(,Negatif
dün sipariş verdim bugün elimdeydi çok hızlı kargo dökülme vs. yoktu  3 adet aldım sorunsuz teşekkürler hepsi burada.,Pozitif
indirimdeyken aldım fırsatını bulan kaçırmasın.,Pozitif
satıcı hepsiburada olunca söze gerek yok hem satıcıyı hem ürünü tavsiye ederim.,Pozitif
kampanya var diye denemek için aldım. şöyle tarif edeyim su gibi yumuşaklık vermiyor kokusu eh işte woaww bir şey değil. yararı yok zararı da yok 👎🏻,Pozitif
saclarım taranmıyor diye almıştım ama hiç bir faydasını görmedim kokusuda güzel değil,Negatif
1 aydırlı kullanıyorum hiç bir işe yaramadı saçıma argan yağı vs de kullanıyordum onların yaptığı etkinin %1i olmadı bence kokusu için övülen boş bir süt kokusu için sıkıyorum ama hiç bir faydası yok,Negatif
ürünü asla tavsiye etmiyorum ilk kullanımda herhangi bir problem yoktu daha sonraki gunlerde yuzumde hic sivilce yokken şuan yuzum iltihaplı sivilcelerle dolmaya başladı.,Negatif
ürünü denedim çok güzel yumuşacık yaptı cildimi ayrıca kokusu çok güzel teşekkürler...,Pozitif
cildimi yumuşacık yaptı fakat çok kuruttu ve sivilce çıktı,Negatif
hızlıca elime ulaştı çok güzel kokuyor akne problemim için almıştım yüzümdeki yağlanmayı azalttı üreticilerini tebrik ediyorum 🌸🌸 2. sabunu aldım çok güzel,Pozitif
çok severek kullanıyoruz. fiyatı uygun olunca depoluyoruz resmen. tavsiye ederiz,Pozitif
bir kahve tiryakisi için tadı çok güzel. hep tercih ettiğim kahveyi indirimde iken almak çok daha güzel oldu,Pozitif
çok yoğun bir kahve hiç beğenmedik,Negatif
eşim evlilik yıldönümü hediyesi almış çok memnunum elim ayağım oldu benim çok iyi bir yardımcı,Pozitif
sen kendime yaptığım en büyük iyiliksin ya harika bi şey.,Pozitif
bu ürüne bayılıyorum kokusu ağır değil tıkamıyor insanı kargoda hasar bile almadan geldi,Pozitif
çok güzel bayıldım sizden 4. alışverişim hepsi sorunsuz geldi indirim olsun da hep alayım teşekkürler,Pozitif
paketleme çok güzeldi sağlam geldi teşekkür ederim.,Pozitif
çocuklarım severek kullanıyor teşekkür ederim ayriyeten kargo hem hızlı hem de çok güzel paketlenmiş,Pozitif
dar bir beden büyük alınmalı.,Pozitif
bacak arası aşırı pot duruyor,Negatif
tam kalıp efil efil kumaşı harika mevsimlik,Pozitif
çok kaba ve rahatsız geldi maalesef iade.,Negatif
çok rahat ve çok şık bir ayakkabı. ben her zamanki numaramdan bir büyük numara aldım daha rahat oldu.,Pozitif
çok güzel acayip cool duruyor,Pozitif
5 yıldızı sonuna kadar hak eden bir muhteşem bir ürün ilk kullanımda etki ettiğine inanamadım iki adet aldığıma pişmanım kesinlikle stok yapılması gereken bir ürün teşekkürler,Pozitif
gerçekten iyi ki almışım ikinciyi sipariş verdim ilk kullanımda mükemmel yumuşaklık ve mis gibi kokusu teşekkürler,Pozitif
ilk kullanımda o güzel hacmi belli oluyor kesinlikle herkes kullanmalı🥰,Pozitif
biraz fazla mini ama ruj için ideal zaten hemen biten bir şey degil. kremsi yapıda kurutmuyor dudağı kalıcılığı da iyi memnun kaldım,Pozitif
cildime çok iyi geldi. renk tonumu eşitledi ve cildime bakım yaptı. cildime ışıltı ve aydınlık etki yarattı. ayrıca dirsek kararmalarım için de kullandım rengi açıldı çok memnun kaldım,Pozitif
diz ve dirsek kararmalarım için kullanıyorum etkileri harika başarılı bir ürün,Pozitif
mis lady ürünlerini severek kullanıyorum güvenilir ve kaliteli dirsek bikini yüzünüzdeki kararmalarda çok etkili bir urun,Pozitif
nemlediriciliği çok iyi düzenli kullanımda çok faydasını gördüm,Pozitif
asla yapış yapış olmuyor gün boyu yumuşacık bir cilt,Pozitif
cerave nin güzelliğini zaten anlatmakla bitmez ama bu sette iki tane ufak hediyeniz için ayrıca teşekkür ederim paketlenmesi de gayet iyiydi,Pozitif
cildi aşırı kuruyanlar için özellikle harika bir nemlendirici aynı zamanda makyaj bazı. 1 sene anca bitiyor zaten krem.,Pozitif
cerave ne üretse alırım. en sevdiğim şeylerinden biri cildi yağlı bırakmıyor ve kokusuz.,Pozitif
"arkadaşlar bende inanılmaz sivilce yaptı , yüzüme hiç yaramadı hassas cildiniz varsa tavsiye etmiyorum arkadaşıma verdim ben:(",Negatif
ürün çok güzel paketlenmişti. bir haftada etki etti. çok sevdim artık favorim bu ürün. yanında hediye içinde teşekkür ederim.,Pozitif
çok memnun kaldım yeğenim için almıştım beğendi.,Pozitif
çok beğendim. yüzümü yıkadıktan sonra bile çıkanlar şaşırtıcı. kokusu kötü ama hemen geçiyor. yağlanmayı zamanla dengeleyecek belli.,Pozitif
inanılmaz güzel çok özenli geldi hediyeler için teşekkür ederim,Pozitif
aradığımı buldum sonunda,Pozitif
"mükemmel bir ürün, karma cilt ve yağlı ciltler bayılır",Pozitif
kızıma veriyorum çok memnunum,Pozitif
kokusu aşırı baskın.,Negatif
saf değil kokusu çok kötü,Negatif
tereddütsüz alabilirsiniz bir beden küçük alınabilir,Pozitif
bedeninizin bir küçük bedenini alın,Pozitif
"kulları çıkabiliyor oluşu, kumaşı çok güzel. desteksiz de kullanılabilir. tam bedeninizi alın",Pozitif
mükemmel ötesi bir tayt her yerinizi topluyor. 174 boyunda 57 kiloyum m beden aldım tam oldu.,Pozitif
arkadaşıma aldım çok beğendi. kendi ayak numaranızı almanızı tavsiye ediyoruz,Pozitif
çok beğendim indirimdeyken kaptım,Pozitif
"ben indirimdeyken almıştım gayet güzel uzatıyor, tek tek ayırıyor beklentimi karşıladı",Pozitif
güzel ürün kirpikleri tek tek açıp uzatıyor,Pozitif
"kuru ve hassas cildimde harikalar yaratıyor. indirim buldukça stokluyorum. şimdiye kadar birçok marka denedim, en iyilerinden diyebilirim. cildiniz konusunda paraya acımayın düşünmeden alın.",Pozitif
ürün çok güzel kullanımda anda ciltte bir parlama nemlilik güzel bir görüntü veriyor alacak olanlara tavsiye ederim kalite yani cilt için her şeye değer,Pozitif
"çok iyi paketlenmişti, bu kokuyu zaten severek kullanıyorum. sipariş verdiğim gün kargolandı çok hızlı geldi hediye için de teşekkür ederim 😊",Pozitif
paketlemesi notu ve minik hediyesi çok memnun etti. kokusu da bence başarılı teşekkür ederim,Pozitif
çok beğendim kokusu ve kalıcılığı👍 bu boy tam çanta da araba da kullanmalık.,Pozitif
libreye bayılıyorum. yıllardır kullanıyorum mükemmel bir koku.,Pozitif
mis gibi kokuyorsunuz ben çok beğendim. ayrıca hediyeleriniz içinde teşekkür ederim.,Pozitif
harika bir koku..kalıcılığından şikayet edenler olmuş fakat gayet kalıcı. üçüncü şişeyi aldım ne koku değişti ne kalıcılığı ..herkese yakışacak bir koku bence güzel paketlenmiş ve hızlıca teslim oldu,Pozitif
"adeta aşık oldum. çok güzel, düşünmeden alın :) ilk kez kullanıyorum kokusu ilk ağır geliyor ama biraz durunca harika! kargo da hızlı geldi. paketleme güzeldi.",Pozitif
"herkesin beğeneceği hem tatlı hem şık hem çekici bir koku. tam hediyelik. mini boy almıştım, severek kullandım ve bitirdim.",Pozitif
çok sevdiğim bir koku 💖 teşekkürler.,Pozitif
"güzel kokusu var, begendim 👍🏻",Pozitif
esterını deneme şansım oldu çok beğendiğim için indirimde 290 tlye yakalamışken sipariş ettim kokusuna bayıldım .,Pozitif
anneme hediye aldım çok güzel hafif kalıcı bir koku,Pozitif
gayet hızlı ve sağlam geldi,Pozitif
fena değil ama övülen kadar da değil.,Pozitif
vaawluk derecede değil ama güzel o kadar olmasa da olur,Pozitif
ürünü indirimdeyken aldım gayet güzel paketli geldi çok saçım olduğu için tam fön gibi değil ama gene de kabarması falan güzel alabilirsiniz kesinlikle tavsiyedir.,Pozitif
fiyat performans ürünü ama gayet sağlam ve hızlı geldi emeğinize sağlık teşekkürler,Pozitif
"uçları nerdeyse tamamen kırık şekilde geldi bana, kargoda olucak bir durum değil bu, dandik kullanısli bir şeye de benzemiyor tavsiye etmiyorum alacaklar dikkat etsin",Negatif
memnunuz teşekkür ederiz hayırlı isler.,Pozitif
hiçbir işe yaramaz boşuna almayın alındığı gibi gereksiz eşya deposuna atıldı,Negatif
hızlı teslimat teşekkür ederim kokusu harika kaliteli yağ bugün kullanmaya başlayacağım,Pozitif
paketleme çok iyiydi ürünü kutudan çıkarana kadar uğraştım ve kokusu harika. satıcıya teşekkür ederim…,Pozitif
"hiç kokusu yok, başka bir markanın yasemin yağı baya belirgindi.. tam bir hayal kırıklığı maalesef",Negatif
ürün teslim edildiği halde hala elimde değil. inşallah elime ulaşırsa değerlendiricim,Negatif
5 yaşındaki oğlum için aldık severek kullanıyor. kaliteli malzeme,Pozitif
ürün beklentimizi karşılandı teşekkür ederiz,Pozitif
kesinlikle alim düşünmeyin doğal bir durusu var,Pozitif
favori rujum oldu direkt,Pozitif
ürün güzel annem için almıştım. küçük küçük soyuluyor ama yine de işe yaradı,Pozitif
gerçekten ayakları yumuşattı,Pozitif
sertleşmiş yerleri tam olarak soymuyor,Negatif
çok memnun kalmadım pembe kutuda olanını kullanmıştım o çok güzeldi,Negatif
çok beğendim simsiyah hacimli yaptı kirpiklerimi !,Pozitif
indirimli aldım. çok memnunum,Pozitif
"çok hızlı geldi özenli paketlenmişti, yanında kil maskesi de hediye geldi çok teşekkür ederim, minik ama kapatıcılığı yüksek👍🏻",Pozitif
ürün sağlam bir şekilde elime ulaştı. çok güzel paketlenmişti. hediye için de çok teşekkür ederim 🤎,Pozitif
"doğal bir duruşu var , ben severek kullanıyorum , ayrıca hediyeniz içinde teşekkürler 👍",Pozitif
mac kalitesi. yıllardır kullanıyorum göz kapağımın üstüne renk eşitliyor muhteşem görüntüsü var,Pozitif
güzel görünüyor pigmenti çok iyi olmayan farı bile tutuyor,Pozitif
üründen memnun kaldım,Pozitif
ürüne 5 yıldız.,Pozitif
süper çok iyi,Pozitif
inanamadım süper ötesi indirime girsin stoklayacam.,Pozitif
harika bir makyaj altı bazı.. o kadar çok sevdim ki stoklu kullanıyorum.,Pozitif
mükemmel ürün,Pozitif
doğum sonrası çatlaklarıma çok iyi geldi çok memnunum,Pozitif
çatlaklarına çok iyi geldi teşekkür ederim,Pozitif
sadece yumuşaklık sağlıyor normal bir krem gibi,Pozitif
ilk kullanımda etkisini hissettim.,Pozitif
"çok güzel, yumuşacık",Pozitif
çok beğendim. bayıldım. ince ve yumuşacık.,Pozitif
koltuk altı kararmalarım için aldım düzenli kullanımda gözle görülür etkisini gördüm,Pozitif
kararma olan bölgelerde özellikle çok işe yarıyor 🌸,Pozitif
düzenli kullanımda etkisini gördüğüm nadir ürünlerden,Pozitif
dirseklerimde çok kararmalar mevcuttu düzenli kullanımla beraber olumlu yönde farkı gördüm çok teşekkür ederim gönül rahatlığıyla kullanabilirsiniz 😊,Pozitif
çok kullanışlı ve sağlam bir ürün çok beğendim,Pozitif
"biraz sesli ve yavaş ama gerekeni yapıyor, su serpmiyor",Pozitif
kullanışlı ve güzel memnunuz,Pozitif
bize kırık bir şekilde geldi bence almayın fiyatı da pahalı kaliteli bir ürün değil,Negatif
biraz dandik ama idare eder çeyizim için aldım,Negatif
tek gömlek ağırlığını taşıyabilir alan ona göre alsın,Pozitif
pek sağlam değil gömlek ve tişört asmak için ideal,Negatif
çok memnun kaldım hatta ikincisini bile aldım,Pozitif
ufak kullanışsız resmen hayal kırıklığı almayın,Negatif
çok kolaylık çok beğendim,Pozitif
"musluğun altına tam oldu, hızlı kargo teşekkürler 👍",Pozitif
ürün çok kullanışlı tavsiye ederim kargoda hızlı,Pozitif
hiç memnun kalmadım,Negatif
sapının malzemesi çok kotu. geçmeli yerleri hiç iyi değil. idare eder bir ürün. az da olsa iş görür,Negatif
çok küçük ve kalitesiz geldiği için iade ettim....,Negatif
harika bir koku özenli bir kargo hediyeler içinde çok teşekkür ederim ♥️,Pozitif
bayıldım tam istediğim gibi bir koku ayrıca minnoş hediyenize teşekkür ederim,Pozitif
nasıl bu kadar beğeni toplamış anlayamadım tam olarak şekerli bir koku yanında 324ü aldım o da kötü baya şekerli parfüm sevmiyorsanız almayın hiç beğenmezsiniz,Negatif
"çok iyi paketlenmiş, ürün de etkili",Pozitif
"mükemmel bir ürün, bütün lekeleri çıkarıyor, indirimde yedekleyeceğim çünkü şişesi küçük:(",Pozitif
cok memnun kaldim🤗,Pozitif
ürün çok güzel kokusu harika indirimliyken stok yapacağım müthiş,Pozitif
aşırı süper bir ürün 0 koku terlemeyi de azaltıyor baya bittikçe alıyorum indirimde stoklanır,Pozitif
"tek kelimeyle harika, koltuk altını pamuk gibi yapan ender rolonlardan biri, hele indirimde olunca hiç kaçırmadan stokluyorum",Pozitif
alın aldırdın. camlarda aynalarda iz bırakmıyor. çok memnunum.,Pozitif
o kadar övgüleri hakkedecek bir ürün değil bence. cam ve aynalarda iz bırakıyor ve bıraktığı iz korkunç görünüyor.,Negatif
çok iyi temizliyor. aynada iz bırakmıyor,Pozitif
göz yakıyor ve yeni doğan döneminde bebeğimin yüzüne alerji yaptı bir süre kullanmayı bıraktım.,Negatif
sipariş verdiğim ürün gelmedi yerine o gün için daha ucuz olan avakado içerikli ürün geldi bebeğim de alerjik reaksiyon olduğu için mağdur oldum.,Negatif
"evet ürün göründüğü gibi geldi ama içerik olarak aynı olduğuna inanmıyorum eczaneden aldığım da sıkıntı yokken bu ürün bebeğime alerji yaptı vücudu, kızardı hep",Negatif
çok iyi resmen stokladım,Pozitif
vazgeçilmezim oldu ilk siparişten sonra stoklamaya başladım,Pozitif
"çok iyi, ailemdekilere de önerdim",Pozitif
"bu marka çok severek kullandım şase çilek aromalı olanı .ama çok üzgünüm bunun tadı kötü zor yutuyorum bir daha almam kesinlikle ,vanilya aroması kutu da güzel kokuyor içmek işkence.",Negatif
çok yağlı.,Negatif
ürünü yeni aldım fakat orijinalliğini sorgulamak istedim. sonuç alamadım umarım orjinadir,Negatif
bu kadar kötü tadı olduğunu bilseydim asla almazdım,Negatif
inanılmaz gaz yaptı karın ağrısından mahvoldum,Negatif
tadı çok kötü içilmiyor,Negatif
ürün görselinin aynısı geldi. orijinal ürün tavsiye ederim,Pozitif
"ölçümler doğru, kullanışlı bir ürün.",Pozitif
harika bir cihaz çok beğendim her şey beklediğim gibi.,Pozitif
ürün tam istediğim gibi,Pozitif
"ürün görsel olarak güzel, fakat ayaklı ısıtıcılar gibi ısıtmıyor.",Pozitif
ürün kullandım hem ısıtması hem de görsel olarak ta güzel bir ısıtıcı ben memnun kaldım teşekkürler..,Pozitif
ürünün sıkıntısı ayaklık kısmının plastik olduğundan hafif geliyor öne eğik şekilde duruyor,Negatif
herkese tavsiye ederim,Pozitif
gayet memnunum .tavsiye ederim.,Pozitif
fiyat performans ürünü,Pozitif
gayet güzel pişiriyor tavsiye ederim,Pozitif
parasına göre çok başarılı bir ürün,Pozitif
ürünün çekiş gücü gayet iyi almak isteyenlere tavsiye ederim tereddüt ederek almıştım ama çok beğendim ve görüntü olarak da gayet şık,Pozitif
ürün gayet iyi montajı yarım bırakıp gittiler,Pozitif
arızalı ürün,Negatif
ürün beklediğimiz gibi geldi dış görünüşü güzel sesi de çok gürültülü değil aynı gün montajı yapıldı,Pozitif
ürün çok güzel ve şık mutfağıma çok yakıştı :),Pozitif
mükemmel ferahlatıcı,Pozitif
çok güzel bir şampuan saçlarımdaki dökülme durdu indirimde iken hemen tekrar stok yaptım,Pozitif
bu benim 2. siparişim çok memnunum saçlarıma çok iyi geldi bu ürün,Pozitif
yorgunluk ve aşırı saç dökülmem vardı. 15 gündür düzenli olarak kullanıyorum saç dökülmem azaldı ama en çok etkiyi enerjimde gördüm. sabahları çok daha rahat kalkıyorum.,Pozitif
bantları tutmuyor açılıyor,Negatif
çiçekli bir model geldi ben beğendim 🥰,Pozitif
yumuşacık çok kullanışlı,Pozitif
kargo çok hızlıydı teşekkür ederim 🙏,Pozitif
müthiş paketleme. kahve ile içtim koku ve tat yok. ben şuan için çok memnunum,Pozitif
çok memnunum fiyat artmadan 1 kutu daha stokluyorum,Pozitif
ürün paketlemesi süper. tadı nötr. hediyeleri kalbimi kazandı. alın aldırın. daha yeni içmeye başladım. etkisi de iyidir umarım.,Pozitif
"diyet yaptığım halde hiç bir işe yaramadı ,tiissss :(((",Negatif
hiç bir işe yaramıyor vermek bir yana kilo aldım,Negatif
hiç bir faydası ve etkisi olmadı. aksine adetimi geciktirdi içtiğim sürede adet olamadım ne zaman bıraktım adet oldum. çok garip açıkçası 13-15 tane arası kullanıp bıraktım öylece duruyor para boşa gitti,Negatif
fiyasko bence,Negatif
"şişkinlik kalmadı, aşırı memnun kaldım. sabah akşam kullanıyorum.",Negatif
çok memnunum sürekli kullanıyorum,Pozitif
doğru ölçüyor çocuklarda denedim doğru ölçüm yaptı kargoda hızlı geldi paketleme de özenliydi 5 yıldızı hak ediyor.,Pozitif
bebeğim için almıştım gayet kaliteli ve güzel bir ürün üstelik doğru sonuç veriyor,Pozitif
ürün kusursuz şekilde elime ulaştı çok güzel çalışıyor komşuma hediye etmek için şipariş verdim,Pozitif
güzel ürün memnunum,Pozitif
çok kötü çıktı ürün kırık geldi,Pozitif
tavsiye etmiyorum sürekli yanlış ölçüm yapıyor.,Negatif
çok beğendim otantik ve şık,Pozitif
ürün çok güzel geldi paketleme de çok iyi,Pozitif
4 tane sipariş ettim 3 u kırık geldi kargo paketlemesi çok çok çok kötü özensiz,Negatif
çok iyi birikim için çok mantıklı,Pozitif
beklediğimden küçük geldi,Negatif
acayip teşvik edici ama tek kullanımlık,Pozitif
bantlar asla yapışmıyor cildim temiz olmasına ve yağlı olmamasına rağmen. çöpe atacak paranız varsa buyurun bu ürünü alın. satıcı ürünün yanında hediyeler göndermiş tek tesellim o teşekkür ederim kendilerine.,Negatif
hiç beğenmedim yapışkanı güçlü değil ayrıca herkese hediye gönderilmiş bende hiç bir şey yok iade etmekle uğraşamam çöpe atacak paranız varsa alabilirsiniz..,Negatif
çok beğendim bende baya etkisi oldu hediye içinde teşekkür ederim,Pozitif
gerçekten harika bir ürün geldiği gibi test ettim ve 10 puan olsa 10 puan verirdim hiç kuşkusuz alabilirsiniz bantları çok iyi hediyeleriniz için ayrı teşekkür ediyorum çok naziksiniz,Pozitif
"mükemmel yumuşaklık ve çok güzel, alın aldırın 😍😍",Pozitif
yumuşacık ve sıcacık tutuyor kalitesine bayıldım,Pozitif
yumuşacık ve çok kaliteli .,Pozitif
övüldüğü kadar değil evet yumuşak yumoş yumoş ama kusurları var bu parayı haketmiyor....,Negatif
malı hoş değil çok basit duruyor ve kilolu gösteriyor,Negatif
tam bir hüsran!! ürün çok güzel yumuşacık fakat bir kolu uzun bir kolu kısa şaka gibi. hiç mi bakmıyorsunuz ürünleri gönderirken. hemen iade.,Negatif
almayın kesinlikle bir yıkamada eridi gibi resmen,Negatif
harika tek kelimeyle çok kullanışlı paketlemede güzeldi teşekkürler,Pozitif
çok güzel paketlemede iyiydi . emeği geçen herkese teşekkür ediyorum! çok beğendim .,Pozitif
"çok güzel kullanışlı, etiketli olması da harika beğendim. kalitesini zaman içince göreceğiz ama şuan güzel.👍🏻",Pozitif
"inanamadım bu kalitesizliğe. kargo geç geldi ,zaten koli yırtık yırtıktı. kapaklar hava aldırmayı bırakın, kapanmadı bile . bir de anneme hediye almıştım erzak dolaplarını düzenleriz diye çok pişman ettiler.",Negatif
maalesef memnun kalmadım kapakları vakumlu değil hava alıyor,Negatif
idare eder ayrıca bana etiket gelmedi üzüldüm ben etiketler için sipariş vermiştim,Pozitif
kapakları hemen açılıyor vakumlanmıyor.,Negatif
kokusu çok güzel lifli tarafa da gerçekten güzel peeling yapıyor. ben çok beğendim stokluyorum,Pozitif
sürekli kullandığım ürün. alırken stoklu alıyorum. peeling etkisiyle cildi yumuşacık yapıyor. kokusu güzel.,Pozitif
ürünü severek kullanıyorum. doğal kabak lifi sayesinde yüzüm yumuşacık ve pürüzsüz oluyor. yanında gönderilen hediyeler için de teşekkür ederim 🤗,Pozitif
sert beğenmedim,Negatif
çok sert yüzüm mahvoldu,Negatif
güzel yumuşacık yapıyor,Pozitif
paketleme çok özensiz,Negatif
"çok kötü kokuyor, kesinlikle kullanmam",Negatif
"yumuşacık, bedeninizi bildikten ve emin olduktan sonra kesinlikle alınmalı",Pozitif
çok beğendim özenli paketleme için teşekkür ederim,Pozitif
çok kullanışlı kendi bedeninizi alın,Pozitif
"çok kullanışlı, indirimde alınmalı",Pozitif
"fena değil, indirimdeyken alınır",Pozitif
çok kullanışlı ve aydınlatma için çok pratik. indirimdeyken stok yapmıştım. tavsiye ederim,Pozitif
birazcık küçük fakat çok güzel nemlendiriyor indirimde mutlaka bakılmalı ayrıca konusunda çok güzel,Pozitif
cok cok hosuma giden bi urun oldu kokusu cok hos hafif bi renk birakiyor ve guzel nemlendiriyor indirimde aldim ve cok sevdim,Pozitif
başarılı dokusu çok güzel bu fiyata stok yapın,Pozitif
gayet kaliteli hediye için tesekkurler,Pozitif
10 yıldız tamamen fiyat performans ürünü hepsi harika ve aşırı kalıcı. bugün geldi hemen sürdüm akşam 6’da sürdüm saat gece 12 oldu tazeleme bile yapmadım hala dudağımda bayıldım.,Pozitif
inanılmaz güzeller çok beğendim!! teşekkür ederim trendyol 🥰,Pozitif
dudak kalemi gibi ama değil tam bir ruj çok beğendim,Pozitif
ürün görseldeki gibi gelmedi . nerdeyse hepsi koyu rek. birde açacakda çikmadi,Negatif
renkler renkler çok güzel,Pozitif
sevdim mi bilemedim çok farklı değil renkleri ama kullanışlı. indirimden aldım,Pozitif
çok güzel ürün kaliteli,Pozitif
o kadar tatlı bir rengi var ki indirime girmişken alın derim ruha gerek yok ve çok doğal kokusu da güzel,Pozitif
"kargom sorunsuz ve çok hızlı elime ulaştı. rengi çok güzel,hafif, dokusu kremsi, kokusu da çok hoş.",Pozitif
bayıldım rengi çok güzel dün sipariş verdim bugun kaego geldi.,Pozitif
indirimde diye almıştım rengi çok etkili,Pozitif
renk efsane arkadaşlar alın aldırın iki tane aldım indirim yakalamıştım,Pozitif
çok beğendim . çok tatlış bir renk veriyor . kalıcı değil ama sürekli yenilemek gerekiyor . güzel paketlenmiş sorunsuz teslim aldım,Pozitif
bayldımmmm,Pozitif
tek kelimeyle mükemmel bir aerum gece sürüp yatıyorum sabaha ışıl ışıl bir ciltle uyanıyorum. tereddüt etmeden alabilirsiniz,Pozitif
çanta ve mini hediye ile geldi ilk alışverişimdi çok memnun kaldım,Pozitif
misler gibi .sabah uyandığımda cikdim bebek gibi oluyor.,Pozitif
muhteşem bir serum sabaha çok aydınlık bir yüzle uyanıyorsun ayrıca küçük hediye içinde çok teşekkür ederim indirimden aldım,Pozitif
bebeğim için aldım çok güzel bir ürün tereddüt etmeden alın,Pozitif
gayet güzel bebeğim için aldim memnun kaldim.,Pozitif
bebegim için aldım güzel idare eder arka arkaya olcunce yanlış ölçüyor sadece,Pozitif
çocuklu evlerin olmazsa olmazı doğru ölçümler yapıyor. başka markalara çok para vermeye gerek yok,Pozitif
paketleme iyiydi kargoda hızlı geldi perfoans olarakta güzel,Pozitif
almayın bu ürünü ben aldım 2 defa kullandım bozuldu kızımın ateşini ölcüyorum 29 çıkıyo 30 çıkıyo alırsanız paranıza yazık edersiniz,Negatif
hızlıca sorunsuz elime ulaştı not içinde teşekkür ederim ….,Pozitif
"çocuklar için eğlenceli bir ürün, kalitesi iyi satıcıya teşekkür ederim",Pozitif
çok güzel 2 tane aldık bırı hedıe kızım cok sevdi elinden duşmüyor.,Pozitif
yeğenime hediye aldım. çok beğendi.,Pozitif
7 yaşındaki oğlum için aldım çok sevdi.kargo sağlam elimize ulaştı teşekkür ederiz👍,Pozitif
bayilarak kullaniyor cocuklarim,Pozitif
ürün güzel yalnız paketleme kötüydü,Pozitif
çok amaçsız,Negatif
kötü kalite,Negatif
denildiği kadar değil hiç bir işe yaramadi,Negatif
tuşu çok çok zor basılıyor hayal kırıklığı,Negatif
"kalitesi der susarım, sürekli stok yapıyorum. alın herkese de aldırın asla iz leke bırakmıyor",Pozitif
çok memnun kaldık tüm aileye aldırdım.,Pozitif
her evde olması gereken kurtarıcı bir ürün gerçekten çok sevdim stok bile yaptım her gelene tavsiye ediyorum,Pozitif
ürünü aldım ve hiç memnun kalmadım olduğu gibi bez izleri kalıyor camlarda büyük hayal kırıklığı yaşadım,Negatif
hiç beğenmedim.fiyatina göre hiç sağlam değil.ilk kullandım sağa sola takılıp söküldü hep.cok saçma bi beze bu parayı vermek,Negatif
ben çok beğenemedim açıkcası camlarda gayet pulpul kalıyor,Negatif
paketleme güzel kargo hızlı ve çok kullanışlı. tavsiye ederim,Pozitif
oglum için aldim çok beğendi tsk ederim,Pozitif
çok teşekkürler paketleme harika üründe çok güzel kullanışlı teşekkürler trendyol 👍👍👍,Pozitif
"ürünüm sağlam geldi çok beğendim, gönül rahatlığıyla alabilirsiniz:))",Pozitif
inanilmaz kotu deformeli urun gonderiyorlar ozellikle duzgun kargolama konusunda uyarmama ragmen kartona sarip patpatsiz sekikde gnderivermsler,Negatif
hızlıca elime ulaştı ürün gayet iyi hediye için de ayrıca çok teşekkür ederim elinize emeğinize saglik,Pozitif
gayet başarılı ve yeterli çok beğendim çelik kapı için olanıda aldım oda güzel hediyeniz içinde teşekkür ederim,Pozitif
tam oldu çok güzel durdu. ayrıca hediyeniz için teşekkürler,Pozitif
göründüğü gibi ürün gayet güzel iş görür hediyeniz içinde teşekkür ederim,Pozitif
3 yıldır kullanıyorum şimdi de anneme aldım çok memnunumm,Pozitif
gayet yeterli. hediye için çok teşekkürler.,Pozitif
saçlarım işlem görmüş bir saç tipi oryalle açılmış olmasına rağmen bakım yapma konusunda çok güzel toparlıyor dökülmesini önlüyor çok severek kullanıyorum sürekli alıyorum,Pozitif
ben severek kullanıyorum ürünü saçlarım saatlerce parlak kalıyor ayrıca beyaz saçlarımdaki kepekler azaldı saçlarımı besledi,Pozitif
dökülen saçlarımın yerine sürüyorum kelleşme olan bölgede saç çıkmaya başladı çok güzel bir ürün beğendim,Pozitif
2 kez kullandim kokusu rahatsiz edici degil saclarimida daha canli yapti...,Pozitif
bı kaç aydır kullanıyorum ama maalesef pek bı faydasını göremedim dökülmeleri azaltır diye düşünmüştüm ama azaltmadı,Negatif
1 aydır kullanıyorum hiç bir etkisini göremedim. diğer yorumları okuyup çok ümitlenmişdim halbuki hayal kırıklığı malesef,Negatif
yorumlara bakarak almıştım memnun kaldım benim kokum oldu diyebilirim. 2 şişe daha stokladım hatta. satıcı da çok hızlı kargoladı teşekkürler,Pozitif
"ürün o kadar güzel kokuyor ki, girdiğim yerlerde hangi parfümü kullandığımı soruyorlar. kalıcılığı da gayet güzel. indirim zamanlarında stok yapmalık bir ürün",Pozitif
aşırı güzel bi kokusu var bitmeden tekrar alacağım stoklamak için 🌞,Pozitif
ya herkes çok övüyordu kampanya ile 2 tane aldım o kadar övülecek bir kokusu yok ama beğendim kötü değil yani kutusu çok hoşuma gitti ayrıca hediye için çok teşekkür ederim:):) 122 numara aldım ben,Pozitif
bayıldımmm 324 ve 122 kodlu parfümleri aldım ve kokuları çok güzel ayriyeten gelen hediye çok tatlı çok teşekkür ederim.,Pozitif
22 numarasını aldım ama abartildigi kadar güzel olduğunu düşünmüyorum her yerde bulunan normal bir koku ve kargo çok hızlıydı 1 gün içinde geldi tatlı hediyeniz için teşekkür ederim 🤗,Pozitif
ürün güzel arkadaşlar ama satıcı çok akıllı ürünün şarj makinası yok yeri var şarj makinası yok çünki şaj makinasını verse şarjlı pilde vermek zorunda kalacak uygun olmasının sebebi bu bence,Pozitif
çok şey beklemeyin sesi hiç çıkmıyor hele uykunuz ağırsa,Negatif
"kalitesiz malzeme,kötü plastik..sesi çok düşük..duyarsanız da kapatma şansınız yok 1 dk dinlemek zorundasınız.",Negatif
kızım için aldık gayet kullanışlı bir ürün,Pozitif
çocugum icin aldim gayet guzel,Pozitif
ürün güzel ama 2 sefer sipariş verdim ikisi de defolu geldi. tavsiye etmiyorum,Negatif
ürün paramparça geldi. inanamadım!,Negatif
haaaarikaaa indirimde aldım çok iyi,Pozitif
hediye olarak aldım cok begenildi.,Pozitif
harika bir ürün hiç tereddüt etmeden alınabilir teşekkürler trendyol,Pozitif
çok beğendim çok sık duruyor kesinlikle alın👏🏻,Pozitif
bebegim icin aldm memnunuz,Pozitif
çok az buhar veriyor bebeğim için almıştım memnun kalmadım,Negatif
bebeğim için aldım çok büyük makinelere para vermeye gerek yok minik ama işlevi yüksek,Pozitif
"ürün gayet kaliteli, kendi numaranızdan alabilirsiniz hafif kaba ama hoş duruyo. her türlü kombinle giyilebilir bayıldım",Pozitif
harika bir ürün ayaklarımı sıcacık tutuyor. kendi numaranızı alın,Pozitif
aşırı güzel bir bot. boyu uzatıyor kumaş pantolonla bile giydim rahatsız etmedi. tam numaranızı alabilirsiniz. eteklerle daha güzel durur. ayağı rahatsız etmiyor.,Pozitif
çeyizim için aldım çok güzel 👍,Pozitif
çok güzel ceyizime aldım denedim köpüğü güzel yapıyor sütlü türk kahvesi de yaptım sıcak çikolata da hepsi iyiydi,Pozitif
ürünü hediye olarak almıştım çok beğenildi kargo da hızlı geldi çok teşekkür ederim,Pozitif
aslında yorumlara bakarak almıştım ama kahveleri köpüklü yapmıyor hayal kırıklığına uğradım,Negatif
ürün fazla kalitesiz geldi bana. bu paraya bu kadar küçük bir kahve makinesi beğenmedim ve iade ediyorum,Negatif
kahve pişirme hızı güzel ancak kahveyi yakıyor.,Negatif
ürün sütlü kahve de dibine tutuyor ve kolay temizleniyor malesef,Negatif
ürünüm bozuk geldi kaynatma yapmıyor iade ettim,Negatif
"efsane bir ayakkabı tam numaranızı alın ne büyük be küçük hatta benim ayağım spor ayakkabı da 36,5 bunda 36 tam oldu",Pozitif
inanılmaz şık tam kalıp,Pozitif
cok begendim ve rahat,Pozitif
mükemmel ve çok sık,Pozitif
"ınanılmaz şık olmasına karşın dünyanın en rahatsız ayakkabısı. parmakları kesiyor, kumaş olduğu için esnemiyor.",Negatif
rengi-modeli güzel bir pantalon ama boyu çok uzun.bir beden küçük alınabilir. 1.67 boy-59-60 kg yum.36 emanet durdu üzerimde,Pozitif
bedeni biraz garipti iade ettim,Negatif
"rengi gözüktüğün gibi değil biraz daha gül kurusu, 1 beden kucuk alınmalı.",Pozitif
çok güzel şık tarz bayıldım,Pozitif
"güzel fakat çizik gönderilmiş. tekrar kargoyla uğraşmamak için göndermeyeceğim fakat bu paketlemenin sorumsuzluğunu kim üstlenecek? neden sanki hediye dağıtıyormuşsunuz gibi çizik ürünleri kargolayıp gönderiyorsunuz? etrafımdaki herkes ürünü beğendi ve alacaklarını söylediler. aldırmayacağım. siz işinizi düzgün yapmazsanız müşteri kaybedersiniz, bize bir şey olmaz.",Negatif
kendim kullanıyorum. 2. olarak arkadaşıma hediye aldım. çok güzel ürün. fiyat performans,Pozitif
harika paketlenmişti sorunsuz çalıştı memnun kaldım,Pozitif
paketleme güzeldi kargo hızlıydı ürün sağlam ulaştı elime çok güzel ve kullanışlı,Pozitif
begendim güzel motive edici,Pozitif
yorumları okuyup sipariş vermiştim ve denildiği kadar varmış hızlı bi şekilde elime ulaşması ses kalitesi ve özellikleri çok iyi sadece hediyesi yoktu kesinlikle tavsiye edebileceğim bi ürün..,Pozitif
ürün sorunsuz elime ulaştı ses kalitesi güzel bu fiyatta bu kalite teşekkür ederim 🙏 küçük hediyeniz içinden ayrıyetten teşekkür ederim 🙏,Pozitif
kulaklığım az önce geldi ses harika aldığınız para helal olsun simdi 2 tane daha oğlum ve kızıma siparis edecegim hediyeniz içindd çok teşekkür ederim hayırlı işleriniz olsun,Pozitif
ürün hiç iyi değil şarj göstergesi ve şarj kablosu geldiği gün bozuldu,Negatif
şarj kablosu arızalı maalesef bide kulaklık sesi dışarıya veriyor. almanızı tavsiye etmem şahsen,Negatif
"ürünü neredeyse bir haftadır kullanıyorum ses kalitesi iyiye yakın,10 metre değil 3 -4 metre den sonra ses yok oluyor ayrıca pawerbank un şarjı çok erken bitiyor onun için paranızı vermeyin derim",Negatif
tadı inanılmaz ağır ama işe yarayacağı belli. gece bir kaşık yuttum hafif boğaz ağrım vardı sabah geçti. paketleme süperdi,Pozitif
kovidim ve geçmeyen bir öksürüğüm vardı arkadaşımın tavsiyesi ile aldım. sabah kullandım hafifledi akşam yatmadan kullandım gece hiç öksürmedim ses kısıklığım da düzeldi. ve bence bağışıklık da güçlendiriyor. kesinlikle tavsiye ederim.,Pozitif
ürün sağlam bir şekilde elime ulaştı paketleme güzel yapılmış teşekkür ederim ürün orijinal kodlama dan sorguladım tadıda çok güzel nane bi ferahlık veriyor insana faydasını da görürüz inşallah,Pozitif
urun cok guzel bekledigimden guzel geldi paketlemesi de baya sağlamdı,Pozitif
harika cok beğendik 11 yaşındaki kızım cok rahat kullanabiliyor,Pozitif
ürün çok güzel kullanışlı uygun,Pozitif
yani güzel renk olarak biraz daha açık bekliyodum ama olsun buda idare eder. gelir gelmez patates kızarttım gerçekten böyle rahatlık yok. ocağı silme derdine sonn! ve cok az yağla yaptım,Pozitif
almayin... kesinlikle söylediği dakikadan en az 10 dk daha fazla sürüyor.,Negatif
böyle bir saçmalık olamaz insanları mağdur etmenin gereği yok kesinlikle almayın kaç günlerdir bekliyorum hayal kırıklığı gelen ürün çizik resmen defolu iade istiyorum,Negatif
çalıştırdığında çok ses geliyor önermiyorum ve patatesler 20 dk degilde 30 35 dk da biraz kızarıyor fırına koysam daha az elektrik harcar,Negatif
çok beğenerek kullanıyorum teşekkürler karaca🤗,Pozitif
gayet güzel herkese tafsiye ederim,Pozitif
beklediğim gibi geldi çok beğendim teşekkürler karaca,Pozitif
satıcı zamanında gönderdi teşekkür ederim 🙏🏼 ürünü henüz kullanmadım kullanınca yorumu göncellrm size,Pozitif
fiyatına göre gayet iyi. hemen anneme de aldım. ev yapımı patates pek güzel olmuyor hazır dogranmısları deneyeceğim. pişirme talimat kitapcıgı olmamasından kırdım puan.,Pozitif
çok araştırdık en son bu makıneyi almaya karar verdik . dışardan kahve içmiyoruz artk kahve şurupları aldık muhteşem kahveler yapıyoruz . eşim filtre kahve makınesınde her sabah kahve içer güne başlardı .sımdı bunda sade kahve içerek güne baslıyor daha çok beğendıgını söylüyor içerisine cekırdek kahve aldık . kısacası düşünmeden alabılırsınız çok güzel,Pozitif
alın gitsin hiç düşünmeyin! çok iyi ⭐️⭐️⭐️⭐️⭐️,Pozitif
"son derece şık ve kullanışlı bir makine, her gün keyifle kullanıyorum. enfes kahveler yapıyor, ailecek içiyoruz.",Pozitif
"bayıldım gerçekten hiç daha büyüklerine gerek yok. tüm kahveleri , internet üzerinden araştırma yaparak en lezzetli şekilde yapabilirsiniz. profesyonel bir alet çekirdek espresso kullanılması daha lezzetli yapıyor kahveyi 🥰",Pozitif
"malesef beklentimi karşılamadı.ben yazlık için aldım.kendi evimde simens kullanmaktayım.ürün miktarını ne kadar arttırsanız da 150 ml yaklaşık kahve vermektedir. kupalar genelde 300 ml dir.kahveyi iki kere hazırladığınızda kupa dolmaktadır.zaman kaybı ,iki kere kahve çekmesi bunların hepsi maliyettir.ben sevmedim bu fiyata yazıktır almayınız.tavsiye etmiyorum.",Negatif
"ürünü epey araştırdıktan sonra karar verdim iki haftadır kullanıyorum son derece memnunum daha teferruatlı, pahalı makineye gerek yok bence alıştıktan sonra istediğiniz kahveyi yapabilirsiniz. sadece daha pahalı aldığım için üzgünüm indirimi bekleyebilirdim.",Pozitif
yani ne anlatılır ki çok özellikli olmasına gerek yok olay kahve yapmayı bilmekte 👍,Pozitif
çeyizim için aldım o kadar güzel duruyor ki kullanamadım ama bence harika kahveler yapacağım.,Pozitif
makina 10 numara 5 yildiz philips işini gerçekten çok iyi yapmış çok başarılı bir makina böyle bir makina isteyen gönül rahatlığıyla alabilir ayrıca satıcı 1000gr hediye kahve göndermiş çok teşekkür ederim bu nezaket için paketlemede gayet muntazamdi kahve köpük olsun sıcaklık olsun lezzet olsun oldukça tatmin edici iyiki almışım diyorum tekrar tesekkurler,Pozitif
severek kullanıyoruz philips kalitedi tartışılmaz,Pozitif
tam beden alabilirsiniz ben begendimmm,Pozitif
"çok şık bir ürün , yerini de çok beğendim tam bedeninizi alın ,",Pozitif
tam beden güzel ürün,Pozitif
terlik inanılmaz rahat ve çok şık duruyor topuğu zaten çok küçük günlük bile çok rahat kullanırsınız 38 giyorum normalde 38 aldım tam oldu ancak 1 puan kalitesinden kırdım ufak tefek deformeler var çok kaliteli diyemiyeceğim,Pozitif
çok başarılı rahat tam kalıp beğenerek kullanıyorum,Pozitif
mükkkeemmmeelll bayıldııım yaaa,Pozitif
bayıldımmm ayağı çok zarif gösterıyor tam kalıp topuk boyu da orta.tavsiye edermm,Pozitif
"güzel . 38 bedenim, m aldım. oversize bi model. tavsiyye ederim",Pozitif
çok güzellll ama bir beden küçük alınmalı öyle bile oversize oluyor 🌸,Pozitif
çok başarılı ürün kendim bebegim rahat etsin deseniz tercih edilir. biz çok beğendik,Pozitif
herşeyi eksiksiz kullanışlı iki kişi yatabiliyoruz kızımla sağlam bir ürün çok memnun kaldımk .çok beğendi kizimizda,Pozitif
öncelikle kargo geç geldi iletişime geçtikten bir gün sonra elimize geçti kurulumu çok kolay ve hemen kurduktan sonra bebeğimiz odasına kavuştu cookkkk beğendik emeginjze sağlık,Pozitif
çok kaliteli bir ürün başarılı satıcı,Pozitif
ürün güzel ama biraz sallanıyor,Pozitif
bekledımden sağlam geldı,Pozitif
beğenmedim montaj hataları var kıymık talaş dolu evi maf etti . cok saglam ve kullanıslı degil iade .,Negatif
aslinda elimde olsa hic yildiz vermicem. okadar kötü bir ürün ki. benim kizim 3 yasinda 20 kilo var yok yatar yatmau kirildi. asla tavsiye etmiyorum paraniza yazik,Negatif
ürünü kurduğumuzda sallanıyor bir yerindede kırık parçası var kardeşimin oğluna hediye almıştım üzdü…,Negatif
basit bir ürün,Negatif
çok güzel toparladı oyuncakları. 45 dk da kurduk. teslimat süresi biraz uzun. ama satıcı çok ilgili. paketleme çok iyi değildi yalnız.,Pozitif
ablama aldık kaliteli dayanıklı ve kullanışlı kendime de alacağım,Pozitif
çok rahat kullanışlı bir ürün ve çok kaliteli,Pozitif
urun kutulari okadr buyuk degil kucuk olanlarda ufak yayintilari toplacak sekilde icine buyuk peluslar kesinlikle sigmaz ama genel yayintiyi toparliyor teniz gorunuyor enazindan,Pozitif
beklediğimden daha küçük boyutlarda geldi hiç meemnun kalmadım.,Negatif
aldıgımıza çok pişman olduk tahtaları kırık geldi ürün çok geç elimize ulaştı parçalar hep eksik geldi verdiğimiz paraya asla değmedi,Negatif
rezalet bir paketleme geç bir teslimat sağından solunda çizik ve deforme olmuş ürün asla önermiyorum asla almayın,Negatif
kurulumu cok pratik butun kalabaligi toparladi. bekledigimden daha saglam. ozenle paketlenmis. muhtemelen bir tane daha almam gerekecek🤗,Pozitif
ürün elime hızlı ulaştı.boyut küçük ama çocuklar için ideal boy biz sevdik.teşekkürler,Pozitif
hızlı kargolandi ve güzel paketleme fakat mat beyaz bilginiz olsun,Pozitif
bayıldık ürüne 🤩 oğlum kendisi alıyo kendisi koyuyo çok sevdik. bayada güzel kargolamıştı satıcı,Pozitif
paketleme çok güzeldi. uğraştırmadı kolay yaptık. tavsiye ederim.,Pozitif
masa ve sandalye çok güzel 2 yasında kızım için aldım çok beğendi. çok iyi paketlenmiş hiçbir hasar yoktu satıcıya ayrıca çok teşekkür ederim.,Pozitif
güzel hiçbirsorun yaşamadan kurduk matkap gerektirmiyor kızım çok sevdi,Pozitif
"maalesef daha çocuğum kullanmaya başlamadan, ayakları takarken yerinden 3 montaj yeri çıktı sırasıyla. vida boyları kısa gönderilen yedek ve daha uzun olan vida sayısı maalesef sadece 2. masanın ayakları sallanıyor onlarda çıkarsa yerinden cöp olacak.",Pozitif
"ürün çok güzel, kaliteli bir ürün teşekkkür ederiz",Pozitif
guzel cok begendim,Pozitif
ürün gayet sağlam ve kargoda çok güzel paketlenmişti emeğinize sağlık biz çok beğendik 🌺,Pozitif
"ambalajlanması çok iyidi, istediğim gibi, ve yiğenime hediye almıstım odasında cok kıllanışlı oldu teşekkürler",Pozitif
"harika bir ürün, bu fiyata hiç tereddüt etmeden alın. biz çok sevdik. kaliteside fiyatına göre gayet iyi. kurulumuda basit. her çocuğun odasında bu tarz bi kitaplık olmalı bence. paketleme çok çok iyiydi, hiç sorunsuz elime ulaştı. ürünün kargoya verilmesi biraz daha hızlı olabilirdi. sorunsuz alışveriş için teşekkürler.",Pozitif
oğlum için aldım çok kaliteli çıktı,Pozitif
çok kaliteli eğlenceli bir oyuncak severek oynuyor çocuklar,Pozitif
bu kolluklar olmadan bir yaz düşünemiyorum artık. oğlum yüzüne su gelince banyoda bile çok panik olur ama bu koltuklarda göğüs seviyesinin üstüne su çıkmadığı için çok rahat yüzüyor. gerçekten dendiği gibi ciddi özgüven sağlıyor çocuklara,Pozitif
kızım 3-4 senedir kullanıyor. çok memnunuz. oğluma da aldım şimdi,Pozitif
3 yaş oglum icin aldim çok çok iyi severek kullaniyoruz.,Pozitif
indirim beklemeyin çok güzel çok güvenilir bir ürün oldugu için hergün dahada çok degerleniyor,Pozitif
kızım için almıştım suya alışması kolay oldu tamam ürün biraz pahalı kabul ediyorum ama çok sağlam 3-4 çocuğa birden kullanabilirsiniz,Pozitif
harika ötesi kızım için almıştım aşırı memnun kaldık bunuda yeğenime aldım. alın aldırın,Pozitif
ürünü aldım 2 kez kullandım içimden tamir kiti çıkmadı ve sürekli birisi iniyor sorunlu ürün çıktı,Negatif
havuzda ve denizde kullandık. bence abartıldığı kadar ekstra bir özelliği yok. bildiğimiz kolluk. oğlum 2 yaşında.,Negatif
"hiç memnun kalmadık, iyice sonuna kadar şişirdiğimiz halde 4 yaşında kızımı suyun üzerinde denildiği gibi yukarıda tutmuyor, çocuğu bıraktığımız an su yutuyor. 20 liralık kolluklar bundan daha iyi",Negatif
2 yaşındaki ikiz kızlarımız için aldık biz bakmaktan yorulduk onlar oynamaktan yorulmadı evde oyun için tam ideal bir oyuncak teşekkür ederim,Pozitif
yeğenime 1 yaş doğum günü hediyesi olarak aldım. çok beğendiler.,Pozitif
1 yaşındaki yeğenime doğum günü hediyesi aldım. iyi ki almışım. çok sevdi. kesin tavsiye.,Pozitif
oğlum için aldım memnunuz,Pozitif
kızım 22 aylık ve çok severek kullanıyoruz. sadece biraz ufak geldi gözüme ama ev ortamı için de daha büyüğü olamazdı galiba. alan herkese güzel günlerde kullanmak diliyorum 😊😊,Pozitif
ürün kaliteli ve sağlam çıktı çocuk çok sevdi teşekkürler trendyol,Pozitif
çok küçük maalesef 2+ yazıyor ama -4 bence,Negatif
fiyatının ürün ile alakası yok. o paralara alınacak birşey değil.,Negatif
ürün kullanılmış/aşınmış olarak geldi. üstelik montaj parçaları da eksikti. muhtemelen iade alınmış bir ürün bize satıldı. fotoğraflarını aldık ve iade ettik. satıcının özensizliğini ve müşteriye karşı bu tavrını beğenmedim.,Negatif
alırken çok tedirgin aldım fakat bir haftadir kullanıyorum.cok memnunum.kendime yaptığım en büyük iylik oldu.ayrica müşteri hizmetleride çok ilgili,Pozitif
beklediğimden de üstün hünerli çok çok çoookkk memnun kaldım geç bile kalmışım almaya özellikle çocuklu ve yaşlı olan ewlere kesinlikle şart benim üç çocuğumun hakkından anca bu robot geldi kesinlikle tavsiye ederim hiç düşünmeden alın tereddüte hiç gerek yok en pişman olunmuycak bir ürün,Pozitif
8 aydır kullanıyorum evimin çok değerli üyesi oldu.büyük süpürgem çok kuvvetli çeker buna rağmen 15 günde çalıştırıyorum ama pek bir şey bulamıyor.emiş gücü çok iyi zaten o nedenle tercih etmiştim.iyiki bu ürünü almışım kesinlikle tavsiye ederim.,Pozitif
ürünü alali sadece birkac saat oldu ancak pervanede sıkıntı var diye geri dönüyor..zaten ev temiz fircalarini temizliyorum ancak sikinti giderilmiyor. cok beklemistim degmedi gercekten. sikintiyi cozebilirsem yorumu güncelleyecegim.,Negatif
ürün pislikleri çekmiyor etrafa saçıyor.kullanma kulavuzu yetersiz.nasıl haritalandırma yapılacağına ilişkin yeterli bilgi verilmemiş,Negatif
gerçekten 1 numara stok yapmak için aldım kaçmayacak fiyat,Pozitif
yine stok yaptım harika bu bez alın aldırın,Pozitif
devamlı kullandığım bi üründü indirime girer girmez stok yaptım bu bezden başkasını kullanamıyorum artık,Pozitif
bir benmi memnun kalmadım toz bırakıyor gelir gelmez suya tuttum sıktım sildim ama toz kaldı diğer bezlerden farkı ne ?,Negatif
uzun süredir almayı istiyordum sonunda kıydım parama aldım çok da iyi yapmışım hemen bir tane daha alıp stokladım çok güzel pamuk gibi bir cilt yapıyor,Pozitif
sürekli olarak indirimde stokluyorum dünyanın en güzel kremi,Pozitif
bildiğiniz bütün nemlendiricileri unutun. o kadar güzel bi dokusu var ki sabahtan akşama kadar nemli nemli geziyorsunuz ve çok küçük sürmeniz bile yetiyor ben çok beğendim keşke sürekli indirime girse de alsam stok yapsam dediğim bi ürün ama bence bi kutusu da baya gider büyük çünkü yani alım aldırın stok yapın bu kadar,Pozitif
çok kuru bir cildim var ve bu kremi uzun zamandır kullanıyorum çok uzun süre gidiyor küçük boyu bile kremi sürdükten sonra cildim yumuşacık oluyor ürün orijinal,Pozitif
kuru cildim için almıştım. hiç bir etkisi yoktur. cildinde sürdüğün krem öylesine duruyor. yikadiktan sonra hepsi akıp cildim eskisi gibi kup kuru. çöp,Negatif
urunun fazla abartildigini dusunuyorum cilddim yagli olmasina karsilik yinede bekledigim performans vermedi oyle yumusaklikta yok parama yazik oldu,Negatif
ürünü üç kez kullandım saçlarım omuzlarımın aşağısında ve bu kadar eksildi. kesinlikle söylenilen gibi dökülmeyi azaltıp saçları parlak ve yumuşak gösteriyor bundan sonra stoklanacak ürünler arasında👌🏻,Pozitif
üründen çok memnunum indirime girince stoklayacağım 75 tl’den aldım,Pozitif
"3 haftadır kullanıyorum saçlarımı gerçekten yumuşattı ve parlattı, haftada iki kere geceleri sürüp boneyle yatıyorum. sabah yıkıyorum. saç diplerime de sürüyorum",Pozitif
kargo ve paketleme iyiydi ama bu kadar iyi yorum yapılan bir ürün benim saçımı kazık gibi yaptı kalıp gibi hiç anlamadım...3 kez sürdüm saçıma kesinlikle dökülmeye iyi gelmiyor ayrıca bes aydır vitaminde kullanıyorum değerlerim düşükte değil yıpranmış saçlarıma çok iyi geldi yazanlara da hayret ediyorum sürerken saçım daha fazla döküldü 🥺,Negatif
"çok memnun kaldım,sürdükten sonra cildim ışıl ışıl oluyor.biter bitmez tekrar alacagim. edit,2.yi stokladim",Pozitif
cildime çok iyi geldi asla sivilce yapmadı indirim olursa stok yapacağım,Pozitif
cok sevdim belli bi süre sonda ciltte nem dengeliyor bide parlaklık veriyor,Pozitif
bır aya yaklaşıcak neredeyse bekledım etkısını görmek için hemen etkı etmedı uzun vadede kullanmak gerek ama ciktte bır parlaklık ve canlılık verdıgı dogru gercekten canlı aydınlık bır cilt elde ettım tekrar alıcam teşekkür ediyorum,Pozitif
alın aldırın kesinlikle bitmeden stokladım bile,Pozitif
yüzüme daha canlı ve aydınlık bir görünüm kazandırdı indirime girince hemen yenisini stoklayacam,Pozitif
her hangi bir parlatmasını görmedim ama yumuşak yapıyor suratımı,Pozitif
yarisina geldim bir fark yaratmadi,Pozitif
gereksiz bir ürün. aldığıma pişmanım ilk başta göstermelik bir parlaklık veriyor sonra hemen geçiyor,Negatif
çok ağır kokusu var ve diğer islak temizlik mendilleriyle alakası bile yok onların yarı boyutunda ve çok islak olduğu için iz birakiyo,Negatif
kokusu çok keskin beyaz sabunada benzemiyor inanızlaz ağır kokuyor,Negatif
"boyutları küçük, silva mopa tutturulmuyor,mendil gibi .ıslak mendilin kalın olanı gibi.hayal kırıklığı.",Negatif
elimden dusurmedigim bir urun ozellikle cocuklu evlere onerecegim bir urun,Pozitif
gerçekten harika bi ürün parasını sonuna kadar hak ediyor satıcısı da nazik ve kibar teşekkür ederim ❤️,Pozitif
gayet güzel bı ürün çok memnun kaldım paketlemesi falan harika,Pozitif
sevdim seni yeni tartım,Pozitif
ürün tamamen paramparça halinde geldii tartıdan eser kalmamış paketleme çok özensiz yapılmış iade edeceğim. asla tavsiye etmiyorumm,Negatif
iki üç defa tartıya çıktım farklı sonuçlar çıktı sonra hata verdi ve şimdi hiç tartım yapmıyor.,Negatif
normal kilonuza yakın çekiyor aynı gün içerisinde 2 farklı kilo ölçüyor belkide ben ayarlayamadım bilmiyorum her zeminde farklı gösteriliyor,Negatif
bozuk çıktı ürün,Negatif
çok memnunum koku çıkarmıyor,Pozitif
çok harika bir ürün kokuyu dışarı vermiyor içinde muhafaza ediyor,Pozitif
hiç koku yapmıyor kedim için sürekli aldığım bir ürün,Pozitif
kokusu çok güzel denemek için aldım kedim beğendi,Pozitif
ürünü severek kullanıyorum kokusu çok güzel,Pozitif
çok iyi kötü kokuyu yaymıyor,Pozitif
kokusundan topaklanmasından çok memnunuz indirimdeyken stokladım,Pozitif
önceden de aldigim bildigim bir ürün severek kullanıyor kedilerimiz,Pozitif
3 kedim olduğu için aldım.gerçekten çok şık duruyor. fiyatı biraz yüksek ama değer,Pozitif
çok çok güzel ve kaliteli. uzun süredir almayı düşünüyordum indirimden aldığım için çok mutluyum,Pozitif
kaliteli ürün,Pozitif
cok kaliteli kedim de bayildi 🥰♥️,Pozitif
çok güzel bir ürün iki aylık kedim icin aldım severek kullanıyor.,Pozitif
yavru kedi için güzel bi yuva. kızım çok beğendi. kalıte de çok iyi. indirimde 60 aldım. tavşanım için alacaktım. indirime beklıyorum.,Pozitif
"tam bir fiyat oerformans urunu. deseni de kalitesi de gayet iyi, bu fiyata göre hic dusunmeden alin. ben yildiz desenli bej ve gri 2 adet almistim ikisi de birbirinden şık ve güzel...",Pozitif
ürün elimize iki gün içerisinde ve sorunsuz bir şekilde ulaştı. çok teşekkür ediyorum. gerçekten çok güzel bir yatak. tereddüt etmeden alın.☺️,Pozitif
mahteşem ürün çok beğendim ürün harika kargo çok kısa sürede geldi teşekkürler cathouse teşekkürler trendyol kış geliyor benim kediminde yumuşacık sıcacık bir yatağı olsun isteyen herkese tavsiye ederim,Pozitif
çok kötü kaliteli bir şey beklemeyin iç kısmı resimdekinden farklı incecik kedinin yırtabileceği bir kumaş ölçüler zaten yazıyor ona bir şey diyemem ama yardımcı olacaksa söyleyeyim benim kedim 6 kilo ve çok uzun bir kedi o rahatlıkla giriyor içine. zaten böyle şeyleri çok sevdiği için aldım. poşeti açmamla içine girmesi bir oldu. yoksa direkt iade ederdim.,Negatif
buruşturulup paketlenmişti şekli bozulmuş geldi ayrıca içinde sadece astar gözüküyor beyaz beyaz hiç hoş gözükmüyor beğenmedim kesinlikle,Negatif
haftada bir uyguluyorum. tüm saçımı yağlayıp 1 saat bekletiyorum. yumuşacık yapıyor saçlarımı. dökülmem de azaldı kesinlikle tavsiye ediyorum. stok yaptım ben,Pozitif
efsane ürün bi kaç kez kullanıp yorum yapmak istedim şuan 2.sini sipariş verdim stokladım bayıldım ürüne canlı sağlıklı görenen saçlar tavsiye ediyorum,Pozitif
daha önce kullandım 2.şişeyi alıp stok yaptım. uzun vadede saçlarınızı gerçekten gürleştiriyor. ombreden yıpranan saçlarımı kendine getirdi.,Pozitif
1 şişe bitirdim ikinciyi sipariş ettim.saçıma en iyi gelen ürün kesinlikle tavsiye ediyorum.temizlemesi kolay saça parlaklık ve yumuşaklık veriyor saçlarım daha canlı görünüyor 🙏,Pozitif
saçlara aşırı iyi geliyor stok yapıyorum sürekli,Pozitif
2 kez kullandim sonucunden cok memnun kaldim. stok yapmak icin hemen 2.sini siparis verdim.,Pozitif
her ay bu ürünü kullanıyorum yalnız asla dökülmeyi azaltmadı sadece yumuşattı,Negatif
yine şişirilmiş bir ürün düzenli olarak iki ay kullandım saçı yumusatiyor evet ama hepsi bu saç dökülmesi için almıştım maalesef ise yaramadi,Negatif
hiç güzel değil nesi bu kadar beğenilmiş anlamadım birden fazla kez uygulamama rağmen etki göremedim tersine sanki saçımı ağırlaştırdı fiyatını hak ettiğini düşünmüyorum kokusunu da beğenmedim ve yıkayınca da öyle saçtan kolay gitmiyor kokusu,Negatif
indirimdeyken stok yaptığım bir ürün gerçekten ter kokusu olmuyor,Pozitif
uzun süredir kullandığım tek ürün. harika ötesi sürekli stok yaptığım ve asla bitmesini istemediğim bir ürün. asla ter ve koku yapmıyor. alın aldırın :),Pozitif
ürün bittikçe stokluyorum çok memnunum ter kokusunu tamamen yok ediyor,Pozitif
daha önce de aldım indirim de tekrar stokladım sıfır ter kokusu sıfır ıslaklık herkese çok tavsiye,Pozitif
bu benim muhakkak olması gereken ürünüm ter kokusu olmuyor ve kokusu da güzel ben bende ki ürün bitmeden stokluyorum tavsiye ederim çok iyi kargolama ve hız da iyi,Pozitif
maalesef bu çeşidi ter kokusunu önlemek yerine iyice ter kokutuyor.. pembesinde kesinlikle böyle bir problem yok,Negatif
içeriğinde ki maddeler çok cilt dostu değil. tekrar almayı düşünmüyorum,Negatif
hiç güzel bi ürün değil beyaz ambalajlı iken süper bi üründü kalitesi çok düşmüş beyazlarda sarı leke yaptı,Negatif
pilasyon sonrası oluşan koku sorunu için denemediğim deodorant kalmamıştı. bu da onlardan biriydi. kimyasal içeriği çok yoğun. alüminyum içeriyor. yoğun parfüm kokusu da cabası. kullandıktan sonra rahatsız olup yıkamaya çalıştım ancak koltukaltımdaki tabaka iki gün boyunca çıkmadı. insan kendi bedenine bu kötülüğü yapmamalı.,Negatif
urunu ozel gunlerim de 5-6 kere surdum urun bitti bu kadar kisa surede nasil bitebilir inanamiyorum yani,Negatif
"ürünün kokusu güzel fakat dedikleri gibi terlemeyi önlemiyor, düzenli kullanığım halde bir etkisini göremedim. ayrıca kıyafetlerde de beyaz leke yapıyor.",Negatif
bu kadar iyi yorum var bi bana ters etki etti sanırım sürdüğüm an beyaz beyaz tortusu kaldı sürmemle ter dökmem bir oldu o beyazlıklıklar rezil bi hal aldı direk çöp bi ürün,Negatif
harika ötesi,Pozitif
"muhteşem, kaliteli",Pozitif
"çok şık, çok sıcak tuttan bir kazak💫",Pozitif
bayıldımmm! fakat boyun kısmı oldukça dar ve esneklik payı çok yok. giyerken benim kafam küçük olduğu için zorlanmadım ama bunu dikkate almanızı tavsiye ederim,Pozitif
bayıldımmm!fakat boyun kısmı oldukça dar ve esneklik payı çok yok.giyerken benim kafam küçük olduğu için zorlanmadım ama bunu dikkate almanızı tavsiye ederim,Pozitif
"aldığım en iyi serum,2 aydır kullanıyorum yüzümdeki lekeler hemen hemen bitti ✅ the purestin tüm ürünlerini aldım bu da indirime girmişken diğeri bitmeden hemen stok yaptım ..teşekkürler the purest ♥️",Pozitif
yüzümdeki lekelere iyi gelen tek ürün .bittikçe alıyorum .indirime girdikçe de stokluyorum,Pozitif
cildimin renk tonunu hafiften duzeltmeye basladi ama sivilceleri tam olarak sondurmuyo lekelerde ise yariyo gibi ama pahalanmasina uzuldum bir daha alamicam keske stok yapsaymisim,Pozitif
ne bir sivilce ne bir kızarıklık hiç bir sıkıntı yaşanmadı bitmek üzere ama stoklanacak,Pozitif
çok güzel kokuyor bayıldık,Pozitif
yıllardır kullanıyorum. belirgin ve dikkat çeken bir koku. tam bir kış kokusu. vazgeçilmezim,Pozitif
bayıldım tam numaranızı almanızı öneririm,Pozitif
"çok severek giyiyorumm , sıcacık yumuş yumuş ayakta kaliteli duruyor. tam numaranızı alın",Pozitif
aşırı güzel bir ürün kaliteli sıcacık tutuyor gönül rahatlığıyla tercih edebilirsiniz ayaklarınızın küçük bi yapısı varsa bir numara küçük tercih edebilirsiniz,Pozitif
sıcacık tutuyor kaliteli bir ürün. tam beden alın.,Pozitif
"fiyatına göre çok güzel bir ürün, rahatlıkla tercih edebilirsiniz, tam numaramı aldım.",Pozitif
ürün kesinlikle tam kalıp büyük almayın ben büyük aldım hata yapmısım :( ama tam bir fp ürünü alın aldırın çok güzel bir ürün. model olarak ayak üstünden de geniş o yüzden tam numaranızı alın,Pozitif
ef sa ne! tam numaranızı alın,Pozitif
satıcıya teşekkür ederim. ayrıca koli içerisine paketleme yapılmış sorunsuz ulaştı. tavsiye ederim.,Pozitif
ürünün fiyatı uygun normal a4 kagidi . ürün kaliteli ancak kargoda hasar görmüş saticilarin daha fazla dikkat etmesi lazım paketleme konusunda.,Pozitif
hiç memnun kalmadım. 1 koli 5 paket görsel. bana gelen 1 koli 4 paket koli dağılmış kağıtlar yıpranmış. geri iade yaptım malesef.,Negatif
çoraplar yumuşak ve güzel,Pozitif
yumuşacık ayakkabıdan da görünmüo çok beğendim,Pozitif
ürün gayet güzel kaliteli ve yumuşak,Pozitif
"harika duruyor, küçük beden alınmalı",Pozitif
bayildimmmmm...en rahat en havalı etek olabilir..,Pozitif
tüylendi hiç yıkanmamasına rağmen ve lastik kısmı gevşedi,Negatif
"hayatımda aldığım en güzel etek diyebilirim. aşırı rahat, ne çok uzun ne çok mini. duruşu harika. bayıldım.",Pozitif
kumaş kalitesi pek iyi değil bel kısmı tam oturmuyor havada kalıyor dikiş ya da lastik vs olmadığı için,Negatif
efsaneeee dyson indirimde aldım çok şanslıyımm,Pozitif
keşke daha önce alsaydım seni.olsun çok memnun kaldım ♥️,Pozitif
baayıldımmmm çok güzel,Pozitif
en son çıkan modeli. kalın telli olan saçımda maşa dalgası gibi uzun süre dayanmıyor ama çok doğal bir dalga bırakıyor ve saçlarımı yumuşacık yapıyor. tüm aparatları çok kullanışlı. seyahat çantası da hediyesi ;),Pozitif
keşke daha önce alsaymışım benim saçım o kadar kabaran ve şekil almayan bir saç ki dyson bana inanılmaz geldiii kesinlikle düşünmeden alın havanızı değiştiriyor resmen bayıldım,Pozitif
ürün paketleme herşey çok güzel ama kalın telli yoğun saçlarda beklenilen etkiyi yaratmıyor maalesef,Pozitif
uzunn süre kullanmadan yazmadım hem saçları yumuşacık yapıyor kolay taranıyor bir de misss kokuyor e birde dilan polat kalitesi daha ne olsun ürüne şans verin indirime girdikçe benim gibi stok yapacaksınz,Pozitif
boya dan sonra saçım çok zor açılıyordu. bu üründen memnun kaldım. çok güzel kokuyor ve saça yumuşaklık veriyor severek kullanıyorum ve bol bol stok yapıcam gibi görünüyor,Pozitif
bu nasıl güzel bir koku yaaa daha bitmeden stok yaptım yine saçlarim hem çok yumuşacık oluyo hemde kolay taraniyo,Pozitif
saksısı kırık geldi keşke biraz daha özenli olsaydınız,Negatif
"urun gorundugunden cok daha guzel, hasarsiz ve hizli geldi, kesinlikle her ev/ofis olmasi gereken bir bitki",Pozitif
"bitkim satıcısından aldım yorumlara bakarak, çok çok güzel, canlı sağlıklı ve boyu büyük. çok teşekkürker",Pozitif
o kadar korunaklı kutuda geldi ki. açmak uzun zaman aldı. bitki çok canlı ve büyük.bir de küçük hediye için çok teşekkür ederim.,Pozitif
"özenli paketleme için çok teşekkür ederim, yorumlara güvenerek sipariş verdim ve çok memnun kaldım , sapasağlam çok güzel bir çiçek geldi , zarif hediyeniz için de ayrıca teşekkür ederim .",Pozitif
çok bakımlı ve çok canliydi yeni bir yaprak bile aciyordu .çok teşekkür ederim,Pozitif
guzel çıktı teskler,Pozitif
mükemmel sabunlar geldi çok teşekkür ederim hepsini denemek için sabırsızlanıyorum💕,Pozitif
2 senedir kullanıyorum yağ dengesini duzenledi onceden hergun yikamak zorunda kaliyordum sabundan once yumuşacik oluyor küçük saçlar çıktı hatta öneririm,Pozitif
bebeğimize kullanıyoruz çok memnunuz paketleme çok güzel,Pozitif
ürünü ındırımde ıken aldım ıkız bebeklerımızı beklıyoruz çevremden hep sleppy duyuyorum .paketleme guzeldı hızlı geldi,Pozitif
fiyatı çok uygun epey stok yaptım oğlumun cildine çok iyi geldi pişik yapmadı tavsiye ederim,Pozitif
sağlam paketlenmişti memnun kaldık,Pozitif
çok güzel yenidoğan bebeğim de kullanıyorum sızma yapmadı,Pozitif
bebeğim için aldım ve çok memnun kaldım pişk de yapmadı 🥰,Pozitif
bebeğimize zarar vermedi çok iyi çok memnun kaldık kargo ve paketleme güzel ve hızlıydı,Pozitif
yıllardır kullandığım ve en sevdiğim,Pozitif
"oğlumu pişik yaptı, abartıldığını düşünüyorum. pişman oldum aldığıma",Negatif
pahalı urun kalite düşük,Negatif
sürekli sızdırıyordu bitene kadar ne çektik bir biz bir allah bilir.,Negatif
bu seri çok kötü çünkü sürekli dışına çıktı ve kalın hiç memnun kalmadık,Negatif
kampanyadayken almıştım keşke stok yapsaydım harika harika. sıfır ter sıfır koku.,Pozitif
çok güzel bir ürün iyiki aldım çok çok memnun kaldım paketleme çok kaliteli ürün de. hediyeler daha da güzel çok teşekkür ediyorum,Pozitif
"ayakkabı ,tekstil vb zorlu lekeler işin güzel bir leke çıkarıcı .. paketleme de çok özenliydi",Pozitif
çok beğenerek kullanıyorum çok etkili lekelerde,Pozitif
"beyaz halımdaki leke için almıştım çok memnun kaldım, tavsiye ederim. paketleme de çok özenliydi akmadan elime ulaştı.",Pozitif
"çok mükemmel bir ürün değil, aşırı iyi temizliyor diyemem ama yinede günlük ayakkabı temizliği için ideal bir ürün.",Pozitif
hiç etkisini görmedim,Negatif
"1,5 yaşındaki kızımın kıyafetlerindeki lekeler için aldım hiç bir işe yaramadı asla lekeleri çıkarmıyor az geçirir bari demi oda yok para çöp oldu",Negatif
kıyafetlerde asla işe yaramıyor 👎 çoçukların farklı kıyafetlerinde denedim lekeler olduğu gibi duruyor eski lekede değil yeni lekeler .. sadece halıda işe yaradı ayran lekesi vardı çıktı,Negatif
hiç bi işe yaramdı almayın arkadaşlar,Negatif
3-4 gün sonra tüm ayağım kalıp gibi soyuldu ve yumuşacık oldu.yılda 2 kez yapıyorum tam stoklamalılık.,Pozitif
harika... topuk catlaklarima kadar söküp attı. stoklanmalik.....,Pozitif
indirimde stok yapın bence,Pozitif
ürüne bayılıyorum. eve stok yapıyorum sürekli. bir haftada resmen bebek poposu gibi oldu ayağım ve normalde çok nasırlıdır. ve bir maske üç ay falan götürüyor.,Pozitif
"hiç bir işe yaramadı. ne soyulma, ne yumuşama hiç bir şey!",Negatif
"çok hızlı ve özenli bir kutuda geldi. babam için almıştım, kullanma talimatlarına harfiyen uyduk fakat hiçbir işe yaramadı. sıfır soyulma.",Negatif
kesinlikle tavsiye etmiyorum cok guzel soyuyor falam yazilmis ama nedense bende gram soyulma olmadi hatta zaten kuru olan ayaklarim daha da kurudu ve kotu oldu tam bir hayal kirikligi,Negatif
annemin ayağına yaptık topukları hep çatlar ve sert olur. büyük umutlarla aldım fos çıktı :( hiç soyulmadı bile.,Negatif
"kızım için aldım.harika,pratik bir ürün.herkese tavsiye ederiz.",Pozitif
bayıldım yılbaşı gelmeden bitiririz bunu hepsinin tadı çok güzel elim ayağım oldu,Pozitif
harika bir ürün acısız çok pratik kesin alın flaş indirimi takip edin 🤌🏻🥳,Pozitif
hiç beğenmedim okadar para verip aldım yüzümü maf etdi erkek traş makinasi ne o ne. ince tüyleri bile aldim ilk deneyimde hepsi erkek sakali gibi sert cikiyor yüzümü maf etdi aliyor ertedi gün cikmaya basliyor bu ne ya,Negatif
5 yıldız verenler nasıl memnun kaldılar bilmiyorum ancak asla fiyat performans ürünü değil. acıtmıyor evet çünkü doğru düzgün almıyor. kesinlikle bir ağda veya ipin yerini tutamaz. bu fiyata da değmez. tamamen fenomenlerin oluşturduğu arz talep nedeniyle fiyatı yükselmiş. ilkkez sağlıkçı annenin önerdiği bir üründen memnun kalmadım çok üzüldüm.,Negatif
ben çok beğendim aşırı rahat sadece baş örtüsü biraz kayıyor ama büyük bir rahatlık normalde açığım bunu yanımda taşıyıp her yerde hemen namazımı kılabiliyorum kendi bedeninizi alabilirsiniz,Pozitif
gerçekten çok pratik ve kullanışlı bir ürün bone takınca gayet iyi duruyor,Pozitif
yaklaşık 1 yıldır kullanıyorum. memnunum hafif pamuklanma oldu oda normal.,Pozitif
hızlı gönderildi. tam istediğim gibi kumaşı kaliteli ve kullanışlı,Pozitif
kumaşı çok güzel hafif beğendim,Pozitif
kumaşı sert bir kumaş.yüz kısmı rahatsız ediyor ve lastikli başörtüsü kısmı sürekli çıkıyor.,Pozitif
çok kullanışlı ve uzun,Pozitif
gerçekten 2-3 gün koku yapmıyor. muhteşem bi ürün sanırım stok yapacağım 🫢🫢,Pozitif
ter kokusunu ve ıslanmayı kesinlikle önlüyor harika bir ürün elimde olmasına rağmen indirmde olduğu için stokladım,Pozitif
stokladığım bir ürün ama kaşıntı yapıyor maalesef,Pozitif
işe yarıyor stok yapın derim,Pozitif
güzel bir kalem indirimdeyken düşünmeden alın.,Pozitif
asla akmıyor ki benim gözümde kalem durmaz yumuşak üçlü sürmesi kolay almak için indirim bekliyordum şimdi indirime girdikçe stoklarıim pahalı markalara o kadar para vermeye gerek yok,Pozitif
"ilk defa bir göz kalemi akma yapmadı, çok beğendim",Pozitif
mükemmel hiç akmıyorrttt,Pozitif
çok iyi kalem kesinlikle akmıyor umarım yeniden indirime girer.,Pozitif
en ama en sevdiğim göz kalemi asla akmıyor tüm gün kalıyor üçüncüye alıyorum mac ne kullandıysam hep aktı bir tek bu akmıyor göz içine sürünce aşırı sevdim,Pozitif
çok hevesle almıştım maalesef kaliteli degil,Negatif
asla açılmıyor iki tane farklı renk aldım ikiside öyle .,Negatif
inanmıyorum ya cidden inanmıyorum suya dayanıklı mı deniyor ama hiç dayanıklı değil hemen aklıma yapıyor aklınız varsa almayın,Negatif
çok güzel çok beğendim zaten önceden da almıştım kullanmıştım indirime girince yine aldım teşekkürler,Pozitif
indirimden aldım çok başarılı,Pozitif
indirimdeyken aldım gayet güzel aydınlık veriyor makyaj tamamlayıcı bi ürün 👍😊,Pozitif
kucuk alanlarda koku muhteşem yayılıyor fiyatı düşünce stoklayacagim yalniz cabuk bitiyor,Pozitif
herzaman kullandığımız bildiğim bir koku devamlı mağazadan alıyordum indirime girmiş burdan aldım iyiki almışım paketleme güzel koku harika,Pozitif
"harika koku, müthiş paketleme",Pozitif
kokusu çok güzel ve hemen bitmiyor. ben içine sadece 3 çubuk koyuyorum o bile yetiyor. her gelen çok beğeniyor. indirimde stoklamak lazım,Pozitif
indirimde aldım koku muhteşem keşke daha fazla stok yapsaymışım,Pozitif
evimmm mis gibi kokuyor mağazada begenip indirimdeyken aldım tavsiye ederimm.,Pozitif
asla tavsiye etmiyorum,Negatif
fiyatını hak etmeyen bir ürün. kesinlikle kokusunu yaymıyor sadece çubuğunu yakından kokladığınızda koku alıyorsunuz. eve asla yayılmıyor. hayal kırıklığı,Negatif
koku vermiyor biz niye para verdik su sadece. içindeki berbat,Negatif
güneş lekelerimden krem sayesinde kurtuldum. cildime aydınlık bir görüntü verdi renk tonu eşitsizliğim geçti canlı ve ışıl ışıl bir cilde sahip olmamı sağladı iyiki denemişim vazgeçilmez ürünüm oldu,Pozitif
yeni başladım kullanmaya düzenli kullanımda faydasını görebilirim diye tahmin ediyorum..dr. tayyar beyin ürünleri muadillerine göre daha kaliteli... indirimlerde stoklayacağım..,Pozitif
cildimi çok güzel temizledi tek kelime ile bayıldım ilk iki kullanımda cildimdeki fark çok belli oldu yumuşacık tertemiz bir cilde sahibim şuan,Pozitif
sabırsızlıkla bekledim anında aydınlık veren çok yumuşak bi dokusu var yağlı his bırakmıyor tekrar stoklayacagim .,Pozitif
harika bir ürün. ilk kullanımdan itibaren farkı hissediyorsunuz. annem almıştı bana çok beğendim 2.kutumun siparişini verdim,Pozitif
ürünü aldım ilk kullandım belki başkalarına iyi gelmiş olabilir ama yüzüm komple şişti sanki kabakulak olmuşum gibi anti alerjik yazılıyor ama maalesef değil dikkat edin,Negatif
nemlendirmiyor cildimi kuruttu cilt eşitliği sağlamıyor beyaz beyaz birikiyor maalesef önermiyorum,Negatif
büyük bir beklenti ile aldım ama büyük bir hayal kırıklığı hiç etkisini görmedim yüzümde sivilce yapmasından başaka 🤦‍♀️,Negatif
malesef beğenmedim cildim kremi sürer sürmez kustu beyaz beyaz pütür pütür,Negatif
urun cok guzel kullanisli topaklanmasi iyi fakaatt. satici firma kumun torbasini yirtik gonderdi. banylamaya calismislar ama onu bile becerememisler. ve urun rarihi gecmis yazik bunca emege,Pozitif
"ürün koku tutması açısından iyi, topaklaşması da idare eder ancak kullandığımız diğer kumlara göre çok toz oluyor. sabun kokusu belirgin şekilde hissediliyor.",Pozitif
ilk önce hepsiburadaya teşekkür ediyorum gerçekten çok güzel ürünler alacak arkadaşlar kuşkusuz alabilirler kaliteli ve orjinal kulaklık hediyeside süper,Pozitif
ürünu zaten kendim kullanıyordum çokta memmundum esimede hediye dün sipariş verdim bugün sorunsuz elime ulaştı çok teşekkürler ayrıca yanında kulaklıkta hediye gelmesi çok çok daha güzel oldu,Pozitif
işlemci ve görüntü kalitesi çok iyi. redmi note 8i kullanıyordum zaten bunu da eşime hediye olarak aldım. gayet memnunuz teşekkürler.,Pozitif
"başka telefonlara çok para vermeye gerek yok, işlevleri ihtiyaçlarını karşılıyor, fotoğraf kalitesi çok güzel, kargo hızlı elime ulaştı tavsiye ederim.",Pozitif
bende samsung j7 varti bu telefonu çok araştırdım ve buna karar verdim gayet güzel bir telefon elle tutuşu ve kibar bir telefon vezarif herkese tavsiye ederim mu ürünü piyasada mu fiyata zor bulursunuz hepsiburada aylesine teşekkür ederim,Pozitif
"anneme hediye aldık, çok beğendik. ağır değil gayet kullanışlı ve özellikleri de fiyatına göre çok çok iyi, tavsiye ediyorum. 👍🙋‍♀️",Pozitif
iyi bir paketleme ile sorunsuz geldi teşekkürler emeği geçenlere. kullandığım bir ürün memnun bitince yenisini buradan almayı tercih ettim.,Pozitif
saçlarıma o kadar iyi geldi ki avuç avuç dökülen saçlarımın dökülmesini önledi ilk defa bir sampuandan fayda gördüm herkeste aynı olmayabilir denemekte fayda var ama,Pozitif
şampuan o kadar kötü ki iyi yorumlarına aldanıp almıştım saçımı çok söndürdü banyodan sonra bile saçım çok cansız,Negatif
saçlarımda kepek yaptı,Negatif
maalesef saçlarım matlaştı ve dökülmesi arttı. ilk ve son alışım bu markayı,Negatif
paketlenmesi kargosu gayet güzeldi ürün taş gibi gerçekten fiyatına göre çok çok kaliteli,Pozitif
ürün dönme bölmesi ile koltuk bölmesinde çok sallanıyor pek güven vermedi bana o yüzden iade ettim,Negatif
ürün gerçekten kaliteli görünüyor. uygun fiyatta yakalamak daha iyi olur. ayrıca kargodan gelirken harbiden biraz kutusu hırpalanmış oluyor. ona bı çare bulmak gerek. onun dışında iyi baya,Pozitif
kolda şık duruyor. çok hafif yada çok ağır değil. ekran parlaklığı ideal ben yarı parlaklıkta güneşte net görebiliyorum. şarjı 5 günde %30 azaldı.,Pozitif
fiyata göre kalitesi güzel telefon kızımda olunca gelen bildirimleri arayanı göremiyorumdum çok işime yaradı su iç hatırlatması çok güzel şarjı epey gidiyor,Pozitif
ürün çok güzel oğlum için aldım çok sevdi ve şarjı falan çok hızlı doldurdu perşembe günü sipariş ettim cumartesi geldi,Pozitif
tüm fonksiyonları çalışıyor. şık ve zarif kasası ince. şarjı 20 gün gidiyor. beğendik..,Pozitif
"tansiyonu hep aynı ölçüyor. tansiyon hastası akrabalarımda denedim oda 12/8 adam ölecek diğer makina 16 gösteriyor bu hala 12/8. nabız ölçerini denemedim ancak ondanda verim alabileceğimi sanmıyorum. sadece saat, akıllı değil.",Pozitif
pek sağlam değil. 20 günde kordon takma yeri kırıldı.,Negatif
"ürün ertesi gün elime ulaştı hemen de kurdum biraz uğraştım kurulunda ama yine de kolay kuruldu ürün güzel hızlı ve en önemlisi de hp nin uygulaması inanılmaz işlevsel, kolay ve anlaşılabilir herkese tavsiye ediyorum",Pozitif
kablosuz bağlantısı ile telefondan çikti ları alabiliyor olmamiz güzel üzerinde gelen mürekkep ler tankları ful dolduruyor üzerinden direk renkli ve siyah beyaz fotokobi çekebiliyor. hp nin kendi kagitlarini kullanıyorum.,Pozitif
ürünüm teslim edilemdi. ödeme tamamlanmış. kargoda kayıp oldu cihazım ortada yok,Negatif
ürün elime ulaşmadı kargo ya sorduğumda temin edilemeyen ürünü boş kargo yapıp adreste bulunamayıp geri çektiler dedi böyle bi firmaya yakıştıramadım,Negatif
şu faturaları yollayın artık size zahmet,Negatif
telefon arızalı iade edecegim,Negatif
ürün hatalı kasıyor donuyor dokunmatik sağlıklı çalışmıyor,Negatif
hic begnemedim ve hatali urun,Negatif
sattiniz urunun fatrasini neden gondermiyorsunuz siz nasıl esnafsiniz bi tarif edermisiniz yaziklar olsun size fatrami takip edecem,Negatif
hatalı ürün,Negatif
ürün halen gelmedi satıcı firma güvenilir değil cihazı tekrar iade almış 10 gündür cihazım ortada yok,Negatif
ürün türkiye garantili değil. resmen kandırıldım. ne satıcı ne de n 11 sorunu çözmüyor. yasal işlemler başlatıyorum.,Negatif
"ürünü bpyteknotik firmasından almamanızı tavsiye ederim. kullanılmış ürünü gönderdiler, ürünün üzerinde olması gereken ekran koruyucusu yoktu, ürünle beraber gelen orijinal koruyucu kılıfı kutunun içersinde yoktu. şarj adaptörü kullanılmış kablo kullanılmış tekrar gelişigüzel paketlenmiş. kesinlikle tavsiye etmiyorum başka firmalardan almanizi öneririm",Negatif
"mağaza siparişi 11 gün sonunda kargoladı, oda şikayetlerim doğrultusunda xiaomi genel merkeze kadar aradım n11 yetkililerine yazdım aradım,gelen üründen fatura çıkmadı halen daha mailime ulaşmadı sorumsuz firma tavsiye etmem",Negatif
2 gün kadar kullanmadım parmak izimi ve şifremi hiç bir şekilde kabul etmedi. telefonu sıfırlamak zorunda kaldım. üzerine biraz daha koyarak daha kaliteli bi ürün alınabilir. beğenmedim.,Negatif
beğenmiyorum,Negatif
ürün beklentimin altında kaldı gelen ürün arızalı yüksek ihtimal değişimini yapmazlar şimdi işin yoksa 1 ay tamir bekle...,Negatif
ürün ımeı yok yani kaçak ürün,Negatif
urun elime gecmedi mesaj attik arayin dedi.urun gelmemis 7 gunde insan bi talep acar.sikayet etmeden islem yapmamak gibi bi huylari var,Negatif
normal günlük hayatta 60 hz. oyun oynarken video izlerken 120 hz olarak kullanabilmek çok iyi. ancak 60 hzde olsa 120 hzde olsa ınstagram facebook gibi sosyal medya platformlarında video izleyemezseniz kanser olursunuz sürekli dona dona ileriyor video,Negatif
çok kötü özensiz paketleme son alışverişim,Negatif
tel kapandı ımail atmak gerekiyormuş faturalı üründe bu nasil oluyor acaba dolandırıldıkmi yani simdi,Negatif
gönderdikleri telefon klonlanmış,Negatif
buradan aldığım telefonun imei klonlu çıktı numarayada ulaşılamıyor kıbrıs numarası çıkıyor,Pozitif
cihazın kutusunda garanti belgesi yok cihaz klonlu çıktı iletişim numaraları kktc de ulaşılmayan bir hat tavsiye etmiyorum arkadaşlar,Negatif
ımeı numarası kopyalanmıştır. cihazınız 30 gün içerisinde kullanıma kapatılacaktır mesajı aldım. en kısa sürede mağduriyetim giderilmezse davacı olacağım.,Negatif
ürünü hiç beğenmedim. çok kötü bir ürünmüş,Negatif
"imeisi gitti, şarj seri hızlı değil, sim iğnesi yok",Negatif
ürün hızlı şar etmiyor,Negatif
ürün berbat 3 ay kullanim sonucunda bir de klonlanmış diye mesaj geldi .. almayin aldırmayın,Pozitif
ithalatçı garanti yaramaz,Negatif
telefonu aldığım günden beri sorunlarıyla uğraşıyorum sistem güncellemesi yapılmıyor ağa bağlanılmıyor diyor sürekli video çekerken arkada çalan müziği çok fazla cızırtı ve boğuk sesle kaydediyor ön kamerası net değil daha alalım 20 gün felan oldu hiç memnun değilim resmen hayal kırıklığı tavsiye etmiyorum,Negatif
kaçak ürün imei kaydı yok,Negatif
almış olduğum ürünün faturası mail adresime gelmedi,Negatif
fatura gönderilmedi,Negatif
iade ettim,Negatif
royal bilgi magazasindan aldigim not 11 pro ürünün imei klonlanmistir telefonunuz kayıt dısıdır kapanacaktir diye uyari mesajı geldi bu nasil olur n11 gibi guvenilir buyuk bir magazadan alışveriş yaptik su an magdur durumdayim magduriyetimin bir an once cozulmesi icin iletisime gectim umarim bu durum bir açıkliga kavusur?,Negatif
"büyük umutlarla almış olduğum cihaz tek kelimeyle fos çıktı. karşı tarafa sesim gitmiyor, hemen hemen herkes bundan şikayetçi. pili çok kısa sürede şarj oluyor, o kadar kısa sürede de bitiyor. cihazın isminde pro ibaresi var ama samsung a71 cihazım kat be kat iyiydi, zaten eskiye dönüş yaptım. bir de paralel ithalat sakın almayın, muhattap bulamazsınız. kısacası ürün tam bir hayal kırıklığı.",Negatif
kimse. almasın. sakın. 1gun. kullandım. yutlrt. dışı. cikti,Negatif
ürün bize eksik parçalı geldi,Negatif
şarj çizikler vardı. şarjda çizik vardı ekran üstünde koruyucu cilarin yokdu ekranda,Negatif
telefonumun arka bölümünde dikkatli baktığım zaman çizikler mevcut. henüz yeni aldığım telefonumu bir kez bile kılıfından çıkarmadan kullandım lakin dikkatli baktığımda arka kısmında oldukça fazla kılcal çizikler olduğunu farkettim ve çok şaşıırdım. birde ınstagram'da nedense video izlediğimde telim donıyor ekran yavaşlıyor. kaç.kere silip tekrar yükledim sorun düzelmedi özellikle çizikler beni çok şaşırttı. değiştirilmesini talep ediyorum,Negatif
"güncelleme sorunu telefon mıuı 13 sürüme sahip fakat ağa bağlanılamıyor gibi saçma sapan salakça bi sorunla karşı karşıya bırakıyor bizi... neden bu ürünü satıyorsun kardeşim anlamış değilim, almayın aldırmayın, beş para etmez...",Negatif
arkadaşlar sanırım cihaz yurt dışı güncelleme almıyor. bence alırken 2 kere düşünün bizim gibi madur olmayın,Negatif
güncelleme hatasi mi yazılım güncelleme hatasi veriyor güncelleme olmasına rağmen sunucu ağa bağlanamadi hatası veriyor ve buna çözüm üretmiyor satıcı mağaza,Negatif
tamamen hayal kırıklığı yıllardır iphone kullanan biri olarak yorumlara da bakarak aldım fakat kesinlikle iphone kullananların beğenemeyeceği bir telefon kamere berbat işlemci berbat kalitenin k si yok verdiğim paraya acıdım kısacası bana göre değil çocuğuma hediye oldu ben yine eski telefonuma devam,Negatif
redmi pro 11 aldım hafıza kartını taktığımda telefona telefon kendiliğinden kapanıyor telefondan hiç memnun kalmadım,Negatif
kargo çok geç geldi,Negatif
hanıma hediye almıştım 2 hafta kullandı sağ taraf bozuldu mağazaya yazdım cvp da vermedi elimde patladı,Negatif
bu kadarmı işiniz. kargo paramparça. paketleme sıfır. jilatin üstlerinden çıkmış. bu kadarmı müşterinizi önemsemiyorsunuz,Negatif
ürün beş para etmez sarj tutmuyor aldigima pisman oldum tavsiye etmem 3 kurus fazla verin daha iyisini alın,Negatif
ürünü almanızı pek tavsiye etmiyorum kablolu kulaklık alın daha iyi mikrofon ve şarj çok kötü denecek derecede aldım pişmanım,Negatif
plastik kalitesi çok kötü. bağlantısı sürekli kopuyor. kullanılmıyor.,Negatif
kulağa tam oturmuyor düşüyor sesi konuşma yaparken ve müzik dinlerken ses en kısıkta olmasına rağmen çok fazla çıkıyor şarj kablosu alır almaz dibinden kopma yaptı,Negatif
"ürün bence çok vasat. stereo özelliği yok, gızırtı var. net ses alamıyorsunuz. ucuz diye de bu cihaz alınmaz.",Negatif
ses kalitesi hiç memnun etmedi,Negatif
şarz aleti yok.,Negatif
ayıplı ürün kullanılmış ve hasarlı ürün gönderildi. iade de kabul edilmedi. hileli kargolama ile kandırıldım. not: satıcı n11,Negatif
kutuda şarj cihazı ve kulaklık yok!,Negatif
imail kaydı yok fatura gönderme yok mağzaya güvenim kalmadı n11 e ilettim inşallah sorunumu çözerler,Negatif
ürün iadesi hakkımı kullanamıyorum.n11 canlı destek ile görüştüm.herhangi bir sonuç elde edemedim.üründe iletişim hataları var.gerek sim kart gerekse wifi hatası var.memnun kalmadım,Negatif
telefonu alalı iki ay oldu telefonun hoparlörlerden ses gelmiyor,Negatif
fatura istedim göndermediler. gönderin dedim göndermediler,Negatif
"kutusu açılmış darbeli ürün değişimi yapılmadı! bu mağazadan yaklaşık 2 ay bir telefon aldım. ürün geldiğinde kutusu jelatinsizdi kutuyu açtım ve telefonun arkasının delinmiş ve çizik olduğunu gördüm. ürününü değişimini talep ettim. o sırada kur artışından dolayı telefonun fiyatı1,5 katına çıktı. muhtemelen bu nedenle mağaza beni günlerce oyaladı ve değişim yapamayacaklarını ürünün stoklarında kalmadığını söyledi. halbuki o sırada n11 de aynı ürünü satıyorlardı :) ücret iadesini kabul etmedim n11 e başvurdum fakat n11 de çözmedi!",Negatif
adaptör sorunlu geldi xiaomi redmi note 9 128 gb telefon aldım sizden ama şarj aletinin adaptörü çalışmıyor. yardımcı olur musunuz?,Negatif
güvenli bir firma değil,Negatif
urun sonradan paketlenmis kutu darbeli kullanilmis olablr memnun deglm tavsiye etmiyorummm,Negatif
asla beğenmedim geri yolla mayi düşünüyorum,Negatif
şebeke sorunu maalesef beğenmedim,Negatif
yalancı bunlar sakın almayın arkadaşlar sakın almayın ürün xiaomi türkiye garantili değildir.,Negatif
kullanılmış ürün!!! ürünü teslim aldığımda internet tarayıcısından kasım ayında bazı sitelere giriş yapıldığını farkettim ayrıca rehberde kayıtlı numaralar var kullanılmış ürünü sıfır ürün diyerek satabiliyorsanız buda sizin esnaflığınıza kalmış şüpheli durum söz konusu bunun için 1 yıldız asla bir daha alışveriş yapmam.,Negatif
olumsuz renk yanlış işaretlemişim ve düzeltilmesini istedim herhangi olumlu bir yaklaşım görmedim bu mağazadan ilk ama kesinlikle son olacak bir alışverişti benim için.,Negatif
mağazanın tavrı iğrençti,Negatif
"mağaza çok kötü iğrenç bir mağaza asla tavsiye etmiyorum , yurtiçi kargo yazıp daha adını bile duymadığım bir firmaya kargo veriyorlar iletişim zayıf asla tavsiye etmiyorum",Negatif
berbat kargo ürün yok ürün kayıp ilgilenen yok,Negatif
"şarz az gidiyor , iade talep ettim ama sim kart takıldığı için direk teknik servise göndereceksin diyorlar, sim kart takılmadan nasıl anlarız öyle bir teknoloji var mı? en azından değişim olabilirdi. şarz 24 saat anca gidiyor, netten çok alışveriş yaptım,ilk defa bu kadar olumsuz durum ile karşılaşıyorum. çözümü olumlu bulmadım.",Negatif
ürün iyi ama ezilmiş geldi ürün kulaklıl çıkışının üstü şişik olarak geldi mağaza ben bilmem teknik servise götürün diyor,Negatif
bozuk tlf çıktı bir ay oldu sorunumuz çözülmed hayırrf ürün arızalı çıkmasına rağmen hiç kullanmadık 1 ay oldu çözüm bulunamadı çok mağdur olduk,Negatif
"ilgisiz urun normal,magaza mesajlara gec cevap veriyor ve kisa kisa,kargoya gec verdi,burda yuksek magaza puani ama google da hicte oyle degilmis",Negatif
almayın sakın almayın bu telefon beş para etmez parasını haketmiyor hızlı şarj var diyorlar 5.6 saatte anca şarj oluyor telefon rehberi deki kayıtlı kişilerin ismi çıkmıyor şarj günü zor çıkartıyor,Negatif
fatura gelmedi ürün faturası göndermiyor kaç kez talep olusturduysam boş yanıt alıyorum,Negatif
buradan sakın almayın,Negatif
önermem ürünün kamerasında toz çıktı sanki yeniden paketlenmiş gibiydi. mağaza sıfır kapalı kutu diyor. almanızı önermmem başka mağazadan ya da 200 300 lira fazla verip görerek bilindik yerlerden almanızı öneririm.pişmanım,Negatif
iphone düşük özelikli ve pahalı. ekran fhd değil ram i düşük. bu düşük özelliklere göre fiyatı çok pahalı...11 bin liraya başka markalardan amiral gemisi alırsın. s21 alırsın daha iyi.,Negatif
mağazadan uzak durun!!! seçimlerinizi iyi yapın sonrasında hiç destek olmak istemiyorlar.,Negatif
stokçuluk yapan bir mağaza . tavsiye etmiyorum.,Negatif
5 para etmez firma,Negatif
şarj kablosu bozuk çıktı,Negatif
çok kötü en küçük bir sorun olduğunda kesinlikle sonuç odaklı bir cvp yok kesinlikle tercih etmeyin pişman olursunuz,Negatif
değişim ya da iade ürünün rengini değiştirmek istedim sadece,Negatif
"yavaş kargo, kötü paketleme gerçekten bu kadar özensiz paketleme görmedim. telefon kutusunu kocaman bir koli ile yanında destek (sünger, gazete kağıdı v.b) olmadan içinde sallana sallana göndermişler. kaç bin tl'lik ürünü bu kadar özensiz paketlemeleri hayal kırıklığı. ayrıca kargo da çok yavaştı, son kargo tarihine kadar beklediler elime ulaşması 1 haftaya yakın sürdü. tercih ederken bunları göz önüne alın.",Negatif
hatalı apple ürünü sattılar satıcı yüzünden ürünü kullanmak nasip olmadı. hatalı ürün gönderip iade almıyorlar.,Negatif
kargo yok kayboldu vs çok geç geldi bu firmayı tavsiye etmiyorum inanmadım,Negatif
n11 çok ilgisizsin nerde müşteri memnuniyeti,Negatif
"ürün kutudan arızalı çıktı, apple form verdi değişim için, firma değişimi ve iadeyi red ediyor, ürünü de geri göndermiyor,",Negatif
telefon ayıplı ürün çıktı,Negatif
satıcı yasal iade hakkını kullandırmadı,Negatif
"pişmanlık kesinlikle beğenmedim alıp riske atarım derseniz , unutun mağaza yüzünüze bile bakmayacak ürünü geri gönderdim kargodan almamışlar tekrar geldi",Negatif
parası ile rezil olmak isteyen buyursun ürünü kullanmadn iade etmek istedim ambalajı açıldığı için iade 14 günlük bana yasaların verdiği cayma hakkını kullandırmadılar.,Negatif
"açılmış ürün, cihazda parmak izleri vardı ürün iyi fakat mağaza tercihi çok yanlış oldu.",Negatif
kaba kargo için aradığımda sormayın diyip kapattı,Negatif
satıcı çok ilgisiz ürünü de çok geç kargoladı,Negatif
mağazanın istanbul şubesinde çalışan hanımefendiye sanırım maaş ödemiyorlar çünkü ancak bu kadar terbiyesiz olunabilir.kayseri şubesindeki beyefendiye teşekkürler,Negatif
ürün teslim edilmeden iade gitti ve henüz para iadesi yapılmadı,Negatif
telefonu açtım defolu çıktı,Negatif
hayır çünkü faturam kesilmiyor muhatap yok karşımızda,Negatif
sadece şarj kablosu gönderilmiştir yazık bu kadar paraya değmez böyle bir firmadan ve böyle bir siteden almak için,Negatif
tavsiye etmem aldıgım cihaz 7 gun sonra kronık ekran arızası verdı.mağazaya değişim/iade için talep te budum kabul etmediler serviste 1 haftalık 7 bın lıralık telefonu tamır edıp teslım ettıler,Negatif
tavsiye etmiyorum arızalı ve kullanılmış ürün gönderiyorlar,Negatif
sakin almayın kesinlikle almayın magdur olursunuz,Negatif
paket ezilmiş yamulmuş bu nasıl paketleme . faturasıda yok nıye fatura koymuyolar !!!!,Negatif
ürün geldi ama fatura ortalıkta yok verdikleri adresten de bişey çıkmadı,Negatif
sorumsuzluk yaptılar ürünü güzel paketlemişlerdi. ama aynı gün kargo işaretledim ve öbür gün geldi. bahane bulup göndermiyorlar ona dikkat edin.,Negatif
iphone 11 satıp da şarj aleti ve kulaklık hariç satmak garip değil mi? insanın aklına bile gelmiyor öyle bir şey olacağı o yüzden ben de bakmadım alırken. telefon geldi aksesuar yok,Negatif
hayır begenmedim,Negatif
aldığım ürün bozuk çıktı şu anda ıphone yetkili servisinde 4 gün oldu,Negatif
hayır ayıplı ürün satıyorlar ve ürünün arkasında durmuyorlar yaklaşık bir ay oldu ürünlerinin arkasında durmuyorlar sahip çıkmıyorlar oraya git burayı ara hiç yardımcı olmuyorlar tüketici bakanlığı ayıplı ürünü altı ay içinde iade edebilirsiniz diyor onu bile kabul etmiyorlar aldığım diğer xiami ürünün ikinci imeisi kopyalanmış çıktı bakalım onu ne yapacaklar,Negatif
"telefonu boşverin de 7500 bi ürün direk kargo poşetine atılıp da mı gönderilir sizde hiçmi insaf yok? insan bi kutuya koyar kırılmasın diye tedbir alır, kesinlikle berbat bi kargolama şekli ile gönderildi",Negatif
mağazaya bildirmeme rağmen fatura ve garanti belgesi gönderilmedi,Negatif
hayır berbat ürün ve mağaza,Negatif
"kesinlikle almayın mağazayı tavsiye etmiyorum. ürün sorunlu olmasına rağmen yardımcı olmadılar. ayıplı ürün satıyorlar, ürünün de arkasında durmuyorlar. alacaksanız bir daha düşünün derim.",Negatif
ürünün imei klonlanmıştı değişim talep ettim kabul edilmedi ilgisiz bir firma tüketici hakem heyetine gideceğim,Negatif
benle iletişeme geçmenizi rica ediyorum faturam hala yok 1 aya yakın zaman oldu sipariş edeli size bir kaç sefer yazdım geri dönüş olmadı adresinize gelmek zorunda bırakmayın beni,Negatif
ekran çözünürlüğü iyi değil,Negatif
hasarlı ürün gönderdiler servisten rapor alın değiştirelim dediler. servisten rapor aldık değişimi apple yapacak dediler. yalan dolan kelimelerle zaman kazandılar kendilerince. ama ahireti var bu işin. gönlüm çok rahat,Negatif
yazıklar olsun hayır beğenmedim,Negatif
"rezil firma, rezil ürün. rezil bir ürün gerek yok.",Negatif
çok rezil bir mağaza. hatalı fatura kesdiler hatalarını kabul etmiyorlar. n11.coma şikayet kaydı açtım umursamıyorlar. maliyeye şikayet edeceğim. en ufak bir problemde rezil olursunuz. uzak durun bu firmadan asla alışveriş yapmayın,Negatif
"urunu bildiginiz tek kat koruyucuya sarip yollamislar. kargocular futbol topu gibi oynamistir telefonla eminim. kahve koyacaginiza adam gibi paketleseydiniz. 7 milyarlik telefon aldik biz sizden 100 gram çerez degil. kesinlikle uzak durun, telefonunuzun kırık veya bozuk gelmesini goze aliyorsaniz buyrun hemen satin alin.",Negatif
ürün sorun yok ama şarj adaptörü arızalı ve ilgilenen olmadı.,Negatif
ayıplı ürün : ekranın orta iç kısmında lekeler vardı.ne servis ne de satıcı tarafından iade-değişim yapılmadı. sadece servis ekranını değiştirmeyi teklif etti. kabul etmedim. bu şekilde kullanmak zorunda kaldım.,Negatif
ambalajı açılan ürünü iade etmek mümkün değil!!,Negatif
sorumsuz mağaza,Negatif
fatura farklı geliyor,Negatif
hayır faturasız ürün,Negatif
ürün arızalı çıktı. yetkililerinden sözde müdürleri ishak bey ile görüştüğüm halde feriştahına şikayet edin deyip telefonu yüzümüze kapattı. bunca zamandır hiç böyle saygısız biriyle karşılaşmadım. boşuna dememişler eşeğe altın semer vursanda değişmez diye.,Negatif
kötü paketleme,Negatif
urunu bildiginiz tek kat koruyucuya sarip yollamislar.,Negatif
özensiz iş hayır beklediğim ğibi ğelmedi,Negatif
kargo kesinlikle berbat çok uğraştırdı. onun harici piyasa değeri 6900 ama stok kalmadığı için 7 bine almış oldum,Negatif
"bu ürünü alacaksanız aptek satıcısını tercih etmeyin,ekranı arızalı ürünü iade almadılar, müşteriye ilgi sıfır.",Negatif
ürünün sesinde cızırtı var bozuk diyip iade ettim bana geri gönderdiniz sizin bozuk ürünlerinizle uğraşmak zorunda değilim buna bu kadar para vermişim icindeki köpükler aynı şekilde değildi diye bunu bile bahane etmişsiniz bilgisayar güzel fakat buradan almayı düşünmeyin derim ses konusunda da dedikleri tek şey laptopun sesinin kısık olması sesinde ki cızır cızır sesi duyamayacak kadar sağırsınız galiba,Negatif
ürün 3. gün ekran kararttı. servise değişim talebiyle gönderdim. tamir edip değiştirdik diye kasa seri numarasını değiştirip göndermişler. monster pişmanlıktır. 3-5 bin daha fazla ödeyin başka marka alın! gerçek bir değişim olmazsa iade edip kurtulacağım. kargo yolunu ezberledik sayelerinde.,Negatif
dolabi açık unuttunuz ses gelmiyor açık sesi bugün en kötü buzdolabında bile var bunda yok,Negatif
berbat bir ürün gönderilmiş sıfır ürünün kapısı yamuk....,Negatif
siparisim tamamlandı gözüküyor ama teslim edilmedi,Negatif
kredi kartına taksit yaptım tek çekimde aldılar kredi karyın ekstra geldiği zaman haberim oldu şirkette bulundum biz dönüş yaparız dediler hale dönecek ler,Negatif
daha elime ulaşan bir ürün yok . teslim tarihini geçti. ürünü kuracak firmanın eline de daha gelmemiş. bakalım ne zaman gelecek,Negatif
ürün yok elime ulaşmayan ürünü nasıl puanlayım,Negatif
ürün bir aydır kargoda göründüğü için kendisini göremedik umarım iyidir.,Negatif
ürün ben aranmadan haber edilmeden teslim edildi yapılmış üstüne ürünü baska bir yere götürmüşler üstüne gelin alin diyorlar nee oluyor,Negatif
hayir begenmedim,Negatif
mağazanın ilgisi 0,Negatif
"rezalet, almayın hayır, tavsiye etmiyorum",Negatif
deterjan koyma kapağı çok sert açılıyor her an çekerken kırılabilir diye korkuyorum ve başlat düğmesi bir kaç defa bastığımda çalışıyor,Negatif
donuyor surekli izlenmiyor netflix,Negatif
rezalet kargo rezalet servis ürün hakkındaki görüşüm olumsuz. şöyle ki ne gönderdikleri kargo firması düzgün ne de servis. kesinlikle tavsiye etmem...,Negatif
tuner girişi yok yani çanak takamıyorsun. duvara askı için giriş yok duvara takamıyorsun,Negatif
ilk kullanımda bozuldu magduriyetimin giderilmesini istiyorum,Negatif
ürün adresime gelmedi,Negatif
ürünü göremeden otomatik onay verildi,Negatif
fantom ürününün plastiği bu kadar dandik olmaz.,Negatif
çok kötü asla beğenmedimmmm,Negatif
kalitesini çok düşürmüş fantom eski nesile göre hayır,Negatif
kesinlikle almayın anlatıldıgıgıbıdegil,Negatif
satıcı iletişim iyi kargo rezalet 1 ayı gecti ürün gelmedi gelmeyen ürünün parasını aldılar,Negatif
ürünüm teslim edilmedi satıcıya durumu aktardım ilgilenmeye calıştı ama aras kargo berbat teslim almadıgım kargonun mesai saatleri dışında ürünü teslim almıs goztermişler reziller kargoya teslim almadımı defalarca soyledim ama kargo yetkilileri ürünü ne yaptılar ise 1 aydan fazla zaman geçmesine ragmen teslim etmedi ihmali olana hakkımı helal etmiyorum almadıgım ürünün parasını aldılar,Negatif
hiç güzel değil. çok ses çıkarıyor. herşeyi plastik ve çok kalitesiz,Negatif
elime ulaşmadı alışveriş nasıl tamamlanıyor,Negatif
"uzak durun 2 adet sipariş verdim, 1 adet gönderdiler. bir hafta savaş verdim diğerini de göndermeleri için. mağazadan kesinlikle uzak durun. yoksa sinirleriniz fazlasıyla oynayacaktır.",Negatif
iade etmekle uğraşmak istemediğim için onay verdim ürünü almadan önce muhakkak mağazayla iletişime geçin ve sıfır ürün varmı diye sorun,Negatif
güvenmeyin iyice inceleyin,Negatif
beğenmedim. arkasından ufuruyor.basligi hiç oynamior oyuncak yani gırgır gibi,Negatif
ürün güzel ama faturasız olduğu için 1 yıldız verdim bu resmen vergi kaçırmak,Negatif
5 kuruş etmez kesinlikle,Negatif
paraniza yazik sakın almayın ben aldım 3 gün sonra bozuldu ne ilgi var ne alaka,Negatif
ilgisiz mağaza. faturayı yanlış kesmişler ve düzeltmiyorlar. sipariş verirken girmiş olduğunuz bilgiler doğrultusunda hareket edilmektedir diyorlar ama bir zahmet sipariş detayına baksalar hata yaptıklarını görecekler ama bakmaktan acizler. n11 kayıt oluşturdu konuyla ilgili. 11.11 de yaptığım alışveriş için 16 gündür düzeltme bekliyorum. olacak inşallah.,Negatif
rezilllll iş yerinde iadeleri almıyor ürünün servis ağıda berbat,Negatif
hayatta tavsiye etmiyorum bu aras ile çalışmayın sakın ürün getirmiyorlar mağzadan arıyorlar kargocuları savunuyorlar ne bu firmayı nede aras kargoyu tabsiye etmiyorum mağdur ettiler bizi,Negatif
ürün motor filtre yeri tam oturmuyor ve eksik parça lı geldi ama mağaza sahibi arayinca ilgilendi hemen,Negatif
ürünü beğenmedim gerçekten fişe taktık çalışmadı bile iade etmek istiyorum faydalı bulmadım çünkü çalışmıyor,Negatif
malzeme kalitesiz ürün malzeme kalitesi iyi değil.ertesi gün parçası kırıldı.,Negatif
aldığım ürün çalışırken motor bölümden yanık kokusu geliyor ilk kullanımdan sonra geçmesini bekledim ama hala devam ediyor değişim nasıl yapabilirim,Negatif
hatalı ürün temiz ürün olmasına ve kargoya dikkat etmelisiniz.,Negatif
urun kalitesi cok dusmus kac sefer alisveris yaptim kalitesiz urun,Negatif
cok kotu urun tavsiye etmem malzeme kaliteli degil,Negatif
ilgi alakas sıfır urun de sıkıntı cikti yok,Negatif
resimlerde musluk var fakat gelen urunun icinden cikmadi,Negatif
asla almayın istanbulda yetkili servisi yok her arızada izmire göndermeniz lazım 250 tl sadece kargo ücreti parça parası hariç. alalı 1 yıl olmadan 5 kez evimi su bastı sattıkları malın arkasında değiller. sürekli oyalama laf kalabalığı yapıp en son sorunu tüketiciye atıyorlar artık hakkımı tüketici haklarında arayacağım,Negatif
"ürün çok hızlı kargoya verildi geldi tamam hoş da bir cunta eksik göndermişsiniz, saatlerdir uğraşıyorum su kaçırıyor. gel de buna uygun cunta ara. bi işi de düzgün yapsak keşke ah ah.",Negatif
urun eksik geldi soylememize ragmen karsinizda adam bulamiyorsunuzzzzz eksik malzeme sakin alis veris yapmayinnnn,Negatif
lg membranlı ürün siparişi verdim.e mem membran göndermişler.kimseye de ulaşamıyorum.vakit kaybından başka bişey değil geri göndericem,Negatif
"beş para etmez ürün, ürün eksik ve hatalı çok kalitesiz.. .su simsiyah akıyor kullanamadım halen mağaza mesajları görüyor cevap vermiyor. uzak durun aman aman...",Negatif
farklı ürün geldi. mil marka istedik piksel geldi. ilan resimleri var. ürün miş gibi yazıp piksel satıyorlar. n11 de buna aracılık ediyor,Negatif
kargo tarafımıza teslim edilmeden iade süreci başlatılmış. lütfen satıcı bizimle iletişime geçebilir mi? kargo acentesini arıyoruz ulaşılamıyor,Negatif
kalite yok servis destek yok asla almayın madur olursunuz,Negatif
tavsiye etmiyorum bizim icin kötü bir deneyim oldu tavsiye etmiyorum.,Negatif
yeni alığımız üründe arıza sıkıntısı çıkarsa canımız sıkılır bende de tankı su bir türlü almadı ürünün kendi tesisat bağlantısında hata varmış whatsapp destek hattı farkedip yaptırdı tank yine su almadığı için ürünü göndermemi istediler gönderdim hala bakımda iade etmeye kendimi zor tutuyorum derdinii anlatacak karşınızda doğru düzgün muhattabınız yok hiç memnun değilim,Negatif
watsapp iletişim hattı ile ilgilenen yetkilinin daha yetkin olması gerekir,Negatif
ürün kalitesiz bir yıl olmadan tank patladı ilgili kişiler alakası olmayan filitre değişimi sebeb gösterib ilgilenmiyorlar uyduruk firma hiç kimseye tavsiye etmiyorum paranıza yazık,Negatif
ilk aldım atık su hortumunu damacanaya koydum 25lik damacana doldu aritilan su miktarı 1 lt anca israftan başka bişey değil sakın almayın su faturasindan çıkar bilginize,Negatif
ürün o kadar dandikki 3 ayda patladı çatladı ve müşteri hizmetlerine ulaşmak o kadar zor ki ulasdiginda da garantiye girmiyormus içindeki plastik malzemeler tüm malzemeler plastik zaten garanti yok ücretini verirseniz göndeririz diyorlar evim batti dolapların şişti hiç memnun değilim asla alırken tekrar tekrar düşünün garanti belgesini inceleyin ne demek istediğimi anlarsınız google şikayet yazın nasıl bir ürün olduğunu görürsünüz,Negatif
arkadaşlar aldım ürünü 5 günden beri kullanıyorum aklıma takıldı bi ph ölçeyim dedim aynı ürünü bi başka arkadaşım daha almıştı onunla kıyasladım onun 25-26 çıkıyor benim 83-84 çıkıyor maalesef.,Negatif
suyun tadı içiemicek kadar kötü muhatap yok iade yok karar sizin.,Negatif
meraba arkadaşlar ürünü montajını yaptım suyu açtığı da su kacırmaya başladı mebran kabı hortum baglantı yeri delik su kacırıyor magzayla görüştüm yerine yenisini gönderdiler keşke kontrol edip gönderseler insanın moreli bozuluyo,Negatif
rünün plastik kalitesi rezalet. iskelet leş. zaten arıtma sistemi değişiyor. çelik tank ve dış kasa için bu para verilmez...,Negatif
suyun tadı kokmaya başladı tüm filtreleri değiştirdim sanırım tankı da değiştirmem gerekiyor cihazı sıfırlamış olacaz,Negatif
urun beş para etmez,Negatif
urunu aldik 3 gun oldu baglatali fakat suyu ilk acinca tazikli geliyor 3 saniye sonra ip gibi inceliyor neden anlayamadik,Negatif
ürün kalitesi çok düşük herhangi bişey olduğunda servis ile ilgili muhatap yok ürünü alan kişi youtube de ki video ile başının çaresine bakması lazım,Negatif
ürünün ambalajı sağlamdı kurulumu yaparken mineral tüpünün başlığındaki ufacık parça kırık çıktı . bir arıtmacı bulup parçayı bulmaya çalışıyoruz..ayrıca sürat kargo ile gönderilen hiç bir ürün gelmiyor kendimiz gidip alıyoruz..,Negatif
ürünün kalitesi çok kötü alım yaildiktan sonra muhatap yok alan kendi başının çaresine bakar kırık gelmiş bozuk arzali gelmiş muhatap olacağın kimse bulamıyorsun 15 gün oldu halen kırık olan parça için muahatap yok,Negatif
hayatımda görebildiğim en kötü cihazıdır. yazılan yorumlar yıldızlar hepsi feyk. bir ay içinde 4 kez patlayıp evime su bastı iadesini yapıyorum 4 kez bana geri gönderdiler parasını geri vermemek için. şimdi ise mehkemeye vercem,Negatif
ürün çalıştığında verdiği su içinde partiküller vardı. firmayı yeniden aradım. bu durumun normal olduğunu filtrelerin kendisini yıkadığını ve 2-3 güne düzeleceğini söyledi. akabinde biz de içmeye devam ettik. ancak düzelmedi yeniden aradığımda ise ürünü ana merkeze gönderebileceğimi söylediler. ürünü gönderdim. iadenizi yapacağız ama iade talebiniz sistemden düşmüş tekrardan talepte bulunun sorun yok dediler. ertesi gün ürünü kargoya verip geri göndermişler. süreç hukuken devam ediyor,Negatif
bir daha düşünün!,Negatif
tavsiye etmiyorum!!,Negatif
"dürüst olmayan satıcı, ortalama ürun",Negatif
ürün kalitesiz firma ilgisiz,Negatif
hiç hoş gelmedi,Negatif
iyi degil hayir begenmedim,Negatif
hayal kırıklığı üründe contaya dair hiç birşey yok her yerinden su kaçırıyor iyice sıkmaya çalıştım plastik olduğu için çatladı,Negatif
berbat hayır cok kötü fotoğraf ekleyemedim,Negatif
hayır ürünü beğenmedim,Negatif
hayır hiç beğenmedim tavsiye etmiyorum,Negatif
cok kalitesiz cok kalitesiz bir aritma olmus,Negatif
kesinlikle tavsiye etmiyorum tank içi pas tutmuş durumda filitrelerden 6 içinde su kacırmaya başladı tankın vanası patlamış ve pas içinde,Negatif
ilgisiz satıcı begenmedim hayır beğenmedim başka ürün yollamışlar görseldekinden 3 defa aradım dönüş yapılacak dediler ama ilgilenen olmadı,Negatif
fiyasko ve fason ürün arkadaşlar yorumlara bakarak aldım 1 haftadır kurdum 30 tank su boşalttım saatlerce açık bırakdım ancak karboz tozu ve bulanıklık bir türlü geçmede normal musluktan gelen su daha berrak. ürünü kurmadan önce tüm filitreleri söylediği gibi yıkadım ancak işe yaramadı teknik destek almak istedik bağladılar birilerin durumu anlattık o da kem küm bişeyler anlattı ayrıca filitrelerin orjinal olduğunu kesinlikle düşünmüyorum.,Negatif
hiç beğenmedim üstelik 1 aydı bozuldu şimdi ısın yok garantiye falan yolla,Negatif
urunu begenmedim,Negatif
ben yandım siz yanmayın paranızı suyunuzu boşa akıtmayın beğenmedim. hele ki müşteri temsilcisi daha dün ne dediğini bilmiyor ses kayıtlarını açın diyorum yok açmayız deyip yalancı çıkarmaya çalışıyorlar,Negatif
iyi değil tavsiye etmiyorum fiyatına göre iyi bir ürün değil ayrıca magaza yardımcı olmuyor,Negatif
yetersiz bir çok yoruma puana bakarak aldım pompalı modelini. bağlantıyı kendimiz yapıyoruz da insan içine keten vs gibi şey koyar herkesin evinde bağlantıyı yaparken bunlardan yok direk de baglayamazsiniz su sizdirir bir dünya laylon keten sardım zar zor suyu durdurdum video bence cooook yeterisiz .,Negatif
bu fiyata bile pahali bir ürün herseyi ile plastik,Negatif
tavsiye etmiyorum ürünü satana kadar sizinle ilgileniyorlar yaklaşık 10 tane arıtma aldırttım arkadaşlarıma sorun cıktı arıza yaptı aradık bize döneceklerini söylediler kaç gündür aramıyorlar cevap vermiyorlar.bir daha hayatta mil su almam aldırtmam.ürünün altındada sorunlu parça ücretsiz değiştirilir yazıyor ama hikaye.,Negatif
"ürün bozuk ve kalitesiz. mağaza iletişimi sıfır, teknik destek ekipleri saygısız.",Negatif
kesinlikle pişman oldum aldığıma önce filtre çatlak sonra yeni filtre geldi arka borusu su sızdırıyor.. ucuz etin yahnisi yenmezmiş bununda test ettim,Negatif
ürün hatalı iade etmek istiyorum,Negatif
urun kurulumu basit ama suyu çok baya kireçli veriyor lg mebran secmeme ragmen,Negatif
"sakın alma uzak dur ürün bi kaç kişiden tavsiye üzerine aldım ürünü kurmak için 120tl ücret alındı ertesi gün evi su bastı çünkü kurulumda plastik anahtar ile iyi sıkılmamış, sonraki hafta su gelmemeye başladı dendi ki su tankı delik gönderin yenisi verelim 15 gunde yenisi üretilir ama dönüş yok sakın alma ucuz plastik",Negatif
eksik parça gönderiyor,Negatif
hayir kimseye tavsiye etmem,Negatif
sakın almayın bir işe yaramıyor musluk suyu daha temiz çöpe atılacak paranız varsa alın,Negatif
paranıza yazik evinizin böyle sular altinda kalmasını istemiyorsanız almayın,Negatif
insani delirtecek derece kalitesiz malzemeler..,Negatif
ürün belki iyidir ama görmek zor... öncelikle aras kargoyla gönderdiklerinden elimize geçmesi günlerce sürdü. video da kutunun içinden çıkacağını vaadettikleri hat alma parçaları olmadığından kendim almak zorunda kaldım. aynı videoda 4-5 metre çıkacak dedikleri hortumunda 2 metre civarı çıkması bardağı taşıran son damla oldu. iade edip etmemeye yarın karar vereceğim ama bir kaç arıtma daha almak niyetindeydim ama bu kadar kusur beni vazgiçrdi. yeni marka arayacağım.,Negatif
bozuk ürün kalitesiz,Negatif
ürün vanası kırık geldi burada kendim yaptırdım mağazadan parça istedim servis felan yazmışlar bana kesinlikle almayın,Negatif
"berbat bir ürün, su faturası katlanıyor suyun tadı kötü diye yönlendirdiğiniz tesisatçı arıtma sisteminin temizliğine 120 tl aldı kısacası facia ...",Negatif
firma rezillik bildiğiniz yerden alin kafaniz rahat olsun.,Negatif
ürün arızalı çıktı ilgilenen yok,Negatif
hayir begenmedim.bu firmadanda internettende bir daha birşey almam. muhattap yok dandik cin mali ürün bir defa bile çalışmadı.,Negatif
bir daha tovbe,Negatif
"kirik geldi urun kirik geldi, takili vidalarin uclari kesikti, yeni vidalar taktim, sanki bozuk mali copten cikarip gondermisler, ustundeki kagittada sozde kalite kontrolden gecmis gibi butun asamalara tamam isareti konulmus. cihazin suyu aci, belki 5 tank suyu doldur bosalt yaptik hala aci, damacana suyun tadininin onunden bile gecemez. pismanimmmmmmmm.",Negatif
2 ay sonra tadi degisti ve nerden akdigini hala cozemedigim biyerden akitiyor kapattim kullanmiyorum artik,Negatif
berbat içinde membran ciimadi,Negatif
servis ve garanti belgesi yok. ürün garantisi yok.,Negatif
"çokk kötü, yanlış ve ilgisiz hayır ürün eksik ve yanlış bir şekilde tarafıma iletildi",Negatif
problem ürün ile ilgili sıkıntılarım var firmayla iletişime geçmeme rağmen hiçbir şekilde dönüş yapılmıyor,Negatif
hayır beyenmedim,Negatif
ben yandım siz yanmayın su arıtma cihazı 1 litre temiz su için 5 litre atık su çıkarıyor şaka gibi ürünü kurunca atık su kısmını gidere bağlamadan bi damacanaya bağlayıp ölçün yazık okadar atık suya.,Negatif
"kullanılmış ürün geldi ürün geldiğinde kutusu kuru ama içi komple ıslaktı, filtre ler ıslakdı iade edilen kullanılmış cihaz gönderilmiş gibi",Negatif
bildiğin herşeyi pilastikten yapılma ürün kansorojenmi değilmi bilemiyoruz.,Negatif
garanti diye birşey yok kargo ücreti siz ödüyorsunuz başka bir yerden alın,Negatif
kesinlikle alınmaz,Negatif
ürün çalışıyor ama benim beklediğim ürün değil,Negatif
dandik plastik parça göndermiş çok dandik,Negatif
tam bir hayal kırıklığı. aynı üründen ikinci alışım fakat firma plastik musluk kullanmaya başlamış tam bir hayal kırıklığı yaşadım..ilk aldığım ürün ile uzaktan yakından ilgisi olmayan bir ürün geldi..anlaşılan firma küçülküçülmeye geçmiş..umarım demir musluk sıkıntımı giderir..tad konusunda şimdilik bişey demiyecem henüz filitreler temizlenmemiş olsa gerek farklı bir tad var..,Negatif
"dolandırıcı dolandırıcı firma, ilgi sıfır yanlış ürün yolluyorlar umursamıyorlar bile.. müşteri hizmetleri babane der mi işte bunlar diyor. lüks diye yolladıkları musluk. hakkım haram olsun bunlara",Negatif
ürün son derece kalitesiz üç kuruşluk bağlantı aparatından kar etmek için dandik plastik bir vana koymuşlar.evi su bastı.. alırken bir daha düşünün,Negatif
ucuza kaçılmış malzeme,Negatif
mağaza telefonlara cevap vermiyor.,Negatif
ürünüm gelmedi,Negatif
yüzeyleri boşluklu yamalı geldi,Negatif
ürünüm defolu geldi ben değişim yapmak istiyorum aynı ürünün sağlam olanını talep ediyorum iade etmek istemiyorum özellikle belirtiyorum deişim talep ediyorum benş ararsanız bilgi için çok sevinirim istersenix foto da atarım ne yapmam gerektiğini bilmiyorum lutfen yardım edin,Negatif
malzeme kalitesi çok cok kötü kabloyu cok kısatutmuslar ürünü begenmedim sadece pisirme yüzeyi döküm oldugu icin aldım onunda kalitesi ve görünümü cok kötü,Negatif
işçilik 0,Negatif
ınox diye gönderdikleri ürün boyalı geldi insanları kandırıyorlar gelen ürün çizik ve boyası atmıştı dökümünde defo vardı geri iade ettim tavsiye etmiyorum,Negatif
ürünü kullanmadığım halde kullanmışsınız yazıp iademi reddetti. telefonla görüşmemde gayet kaba saba cevaplar aldım mağaza ve ürün kesinlikle rezalet gerekli hukuki tüm süreçlere başvuruda bulunacağım,Negatif
ürünü hasarlı darbeli defolu geldi ve degiştirmediler,Negatif
bozuk,Negatif
berbat kesinlikle kalitesi yok,Negatif
ürün hatalı geldi iade talebinde bulunmama rağmen kimse gelip almadı. bir tarafı yukarıda bir tarafı aşağıda kalıyor.,Negatif
gelen ürünü inox diye beklerken normal gri renge boyanmış halde göndermişler bu kadar aldatmaca olmaması gerekiyo sonuçta burada bir satış yapılıyo neyse onu yazın ve satın,Negatif
"ınox yazıyor ama ınox değil, aldatmaca, ürün griye boyanmış fiyat farkı vererek ınox diye almıştım, bence haksız kazanç aras kargoya teşekkür ederim, 24 saatte teslim aldım.",Negatif
makine alalı 3 ay oldu. makinenin üst tarafı isitmamaya başladı. firmayla irtibata geçtim beni servise yonlerdirdi.,Negatif
ürünü bir türlü teslim alamadım. bu konuda uardımcı olabilecek bir yetkili var mıdır?,Negatif
ürünün ayakları kırık gönderiyorlar. değiştirmeme rağmen tekrar kırık ayaklı gönderdiler. pişman oldum aldığıma,Negatif
"işçilik ve kalite sıfır, tasarim zevki yok, iki beğenmedim.",Negatif
hatalı olduğunu düşündüğüm ürün,Negatif
ürün sıkıntılı tablalar çatlama yapıyor.,Negatif
beş para etmiyor,Negatif
öncelikle mağaza için yazayım. paketleme aşırı kötü olduğu için ürünün üst kısmı yerinden çıkmış 45dk ugrastim geri takmak için. bu magazayi tavsiye etmiyorum kesinlikle. 2. olay ise makinenin dusuk kaliteli olması. evet dömüm gülle gibi ağır vs ama bi emaye kaplaması yok. sözde et kofte de pisirilebilir fakat yapabilen oldugunu sanmiyorum. inanilmaz yapisiyor kesinlikle kullanisli degil yikanmiyir. ekmek disinda bir urun koydugunuzde min. 30 dk temizlenme suresi var cunku urunun yarisi makinede kaliyor. uzak durun,Negatif
kalitesiz,Negatif
milleti kandırmayın yazıktır,Negatif
ürün piyasadaki bilinen markalar gibi kolay temizlenip kullanılan bir urun değil sil geç olmuyor zahmetli temizliği var alinirmi ? iyice araştırıp bakmak gerek,Negatif
kötü kargo şirketi,Negatif
"defolu, imalat problemli ürün satılıyor",Negatif
asla almayın ürünü hiç beğenmedim döküm dedikleri tablalarin döküm olup olmadığını bilmem ama ne konulursa yapışıyor asla çıkmıyor 3 tost yaptım aktı yapıştı tel fırça ile çıkmıyor her kullanımda çıkmayan artıklar yanıp kömür oluyor hem koku salıyor hem de yeni tostun tadını bozuyor bu ürün özür diliyorum ama adeta çöp değerinde,Negatif
asla beğenmedim,Negatif
"çok kötü kokuyor tüm ev kokuya gidiyor, normalde döküm tava kullanırım paslanıyor bu temizlenmiyor aldıgıma çok pişmanım çöpe atarım yakında",Negatif
defolu ürün yolladılar.,Negatif
içinden fırça çıkmadı,Negatif
beğenmedim ürün iş görür ama sanki daha önce kullanılmıs gibi geldi. her tarafı yamuk yumuk. iç tarafı delik deşik. sıfır demeye bin şahit lazım. önermem kimseye,Negatif
berbattttttt hayır rezalet bir ürün kimseye tavsiye etmem,Negatif
satıcı defolu ürün gönderdi ürün defolu çıktı o kadar para verip güveniyorsunuz çok ayıp,Negatif
üçüncü tostta döküm tabakası çatladı. yorumlara güvenerek aldım fakat belki şansımız dan ürün kötü çıktı.ama firma ilgisiz pişman oldum.,Negatif
tamamen rezalet begenmedın mağaza kullanılmış ürün gonderdı,Negatif
"hayal kırıklığı yorumlara bakıp aldım ama sanırım tüm yorumculara farklı bir ürün gitmiş, mühendislik harikası bir ürün borular cıvatalar somunlardan oluşmuş harika bir ürün... döküm olması haricinde olumlu hiç bir şey yok... o da kaliteli bir döküm değil ama neyse, sanırım tek olumlu yanı fiyatı",Negatif
ayıplı mal ürün tüm evin ekektiriğini kesti tüm evin prizlerinde denememize rağmen evin elektiriğini kesti evde yangın çıkıcak diye korktuk almadan önce düşünün ayrıca mağaza ilgilenmediği gibi direk fabrikaya yönlendiriyor yani kısaca ürünü n11 den alıyosunuz n11 mağazaya mağaza fabrikaya fabrikayada ulaşılamıyor bunları göz önünde bulundurun,Negatif
gönderirken bir ürünün sağına soluna bakın.allahınızı severseniz. bu durum olmasaydı mutlu olabilirdim.,Negatif
temizliği çok zor,Negatif
defolu urun,Negatif
hayır igrenč kargo ozensiz satici,Negatif
evet ama garanti belgesi ve fırçası yoktur aceleye gelmiş ürünüm,Negatif
paketleme yetersiz ürün dökümü üzerinde pas lekeleri vardı. plastik aksamlar üzerinde de lekeler vardı. paketi hırpalanmış ve zarar görmüştü. daha önce aldığım dökümix tost makinesi de benzer durumda olduğu için iade etmiştim. bu da aynı çıkınca uğraşmadım artık. böyle kabullendik. pişman mıyım ? pişmanım.,Negatif
almadan bir kez daha düşünün hayır hiç begenmedim ikici el ürün geldi sanki defolu çıktı,Negatif
rezalet beğenmedim elime bile ulaşmadı,Negatif
ne yapmaya çalışıliyor ürünün kalitesi ile ilgili yorum yapmak istemiyorum henüz kullanmadım ama üstten içe doğru çökük bir sekilde teslim ettiler bu vazife yapılmış sayılıyorsa. büyük bir hevesle dölüm tost tost makinesi siparişi verdim ve sonucu gördüm.,Negatif
kargo ve satıcı kurum ürün gelirse eyer bakarım,Negatif
rezalet üstüne başına buyrukluk elime ulaşmayan birşeyi nasıl beğeneyim,Negatif
ürün ulaşmadı. sipariş tamamlandı şeklinde görülüyor. lütfen sürat kargo ile ilişiği izi kesin.,Negatif
gelen ürün hasarlı geldi ve sonrasında mağaza ile olan iletişim tamamen felaket ne doğru düzgün cevap veriyorlar ne de bir çözüm 1 ay olacak nerdeyse hala iade edilmedi. rezalet..,Negatif
alışmasında sıkıntı yok.döküm plakalar kaliteli değil ama bu paraya bu eder.,Negatif
sakın almayın!!!,Negatif
taşlama izleri ve yipranmalar var üründe taşlama izleri ve yipranmalar var üründe sağlık açısından zararlı mi bilmiyorum.mecbur geri göndermedim yağlı kağıt ile kullanacam paslı gibi ürün bazı yerlerinde izler var fotoğrafda gözüküyor alacaklar buna dikkat etsin.,Negatif
"parasını kesinlikle haketmeyen bir ürün. aldığım için çok pişmanım gerçekten ve iade de almıyorlar. temizliği deseniz işkence, pişirmesi deseniz öyle. ekmeği ve malzemenin tamamı tablalara yapışıyor. kesinlikle tavsiye etmiyorum.",Negatif
berbat berbat paranızı çöp e atmayın,Negatif
berbat magaza iletisimi berbat kesinlikle tavsiye etmiyorum ayrica urun cok kalitesiz plakalarda taslama izi var malzeme kalitesi berbat paranizi cope atmayin bin pismanim,Negatif
"hiçbir özen yok,milleti kuş yerine koymayın artık yaa!!!",Negatif
faturasız defoulu ürün,Negatif
görsel ile alakası yok döküm kısmı işcilik sıfır,Negatif
"rezalet almadan önce yorumları okudum, döküm plakalar da problem olduğunu ve görsellik açısından ufak tefek çizikler vs.oldugunu söyleyenler vardı.ben de makina imalatcisiyim gorevim kalite kontrol.döküm hatasını spiral taş ile düzeltmeye çalismissiniz.madem plakanın içine ettiniz müşteriye gönderip de kendinizi rezil etmeyin,para için kul hakkına girmeyin,adınızı cikartmayin.",Negatif
defolu ürün gönderdiler,Negatif
"markaya para vermeyelim,çok kaliteli olmasa da işimizi görsün dedik ama bu kadar da kalitesiz, düşük profilli ve ilk kullanımda arıza veren bir ürünü piyasaya sunan bu kişilere söylenebilecek söz dahi bulamıyorum. ürünün derece düğmesi arızalı,döküm döküm olalı bu kadar hoyratça ve acemice işlenmemiştir..defolu demek bile haksızlık...",Negatif
defolu döküm hariç güzel,Negatif
temizliği çok zor hiç menmun kalmadım,Negatif
berbat mağaza,Negatif
"ürün yandan ezik,boyası çatlak ve ayaklarının biri yamuk olarak geldi.",Negatif
kargo rezalet 10gündür hala gelecek,Negatif
hayır kesinlikle beğenmedim.,Negatif
ürün arızalı çalışmadı. iade ettim kabul edilmedi.,Negatif
kargo dahala ürünümü getirmedi,Negatif
ürün ikinci kullanımda e1 arızası verdi. simdi onunla uğraşıyorum. umarim değişim yaparlar. mistore dan almıştım,Negatif
ürün patapesleri cok iyi pisirmiyor cok memnun kalmadım pişmanım.,Negatif
hic tavsiye etmiyorum firinda yapin boşa para harcamayin,Negatif
maalesef kargoda kırılmış. çünkü paketlememişler. jutuyu streçe sarıp yollamışlar. iade ettim ama iademin onaylanma gününe kadar mideme ağrılar girdi sinirden. bence biraz daha para verip başka yerden alın.,Negatif
kesinlikle tavsiye etmiyorum,Negatif
pişirme ve süresi çok uzun,Negatif
beş kuruş etmez bir satıcı,Negatif
çok düşünerek çok araştırarak aldım fakat hic beğenmedim alacak olanlara söylüyorum sakın almayın hiç gerekli bir ürün değil gerçekten çok gereksiz satın patatesleri güzel pişiyor ama evdeki patateslerin tadı berbat uzun sürede pişiyor 15 dk asla yetmiyor yarım saatte pişiriyor tadida iğrenç çöpe attık patatesleri tavuk güzel bide haznesi çok küçük telinede koyuyorsunuz ama alttakiler pismiyor onlar için tekrar pisiriyorsunuz zaman ve elektrik kaybı ama gerçekten gereksiz sakın almayın,Negatif
ürün çalışmıyor sürekli duraklat yazıyor bilgi lütfen,Negatif
urun bana ulasmadi,Negatif
daha ilgili güvenilir bir yerden alın arızalı ürün çıktı üstüne bide kutu açılmış garantiye yonlendiriyorlar n11 pişmanlıktır sakın almayın,Negatif
düşünüldüğü gibi değil,Negatif
başka satıcılar da fiyatı daha uygundu ben bilerek bu satıcıdan aldım ama içinde çizikler var ve üstelik kapağın bir tarafı diğer tarafına göre eğri tam kapanmıyor.. nerde uygunsa o satıcıdan alın bence.bu satıcıdan almanıza gerek yok .,Negatif
kırık geldi sorumsuz satıcı,Negatif
"daha gelişmiş bir ürün diye aldığım ızgara orijinal başka bir üründen taklit edilmiş olduğu için kullanımı oldukça kötü. kapak kapanma çubukları tam oturmuyor, alt kısmı temizlik için ayırdığımda üst kısım dik durmuyor ve o sırada anahtar açık duruma geçip tekrar yanmaya başlıyor. bir de alt kısım çok bombeli ve bir önceki aldığım ızgaranın altlıklı ızgara aparatını sığdıramadım. mümkünse değiştirmek isterim.",Negatif
"çok basit blr teneke gibi duruyor , bağlantı noktaları çok zayıf , anahtar yeri kendi kendine geri atıyor , ızgarası ilk kullanımda kırıldı. tavsiye etmiyorum, illa bu ürünü alacaksanız da başka bşr yerden alın yoksa benim gibi 10 gün falan beklersiniz",Negatif
arkadaşlar ürün 100 lira civarıysa alın yoksa bu paralara değmez kartondan yapsan daha sağlam olurdu. geldiğinde yamuk yumuk çizik kırıktı zaten iade ettim. firma da bunu bildiği için sorgusuz iademi kabul etti ve para iadesi yapıldı.,Negatif
düşük kalite yüksek fiyat,Negatif
mağazadan alışveriş yapmayın. 1 haftada ürün teslim edildi. çalıştıkları kargo firması çok kötü. yardımcı olmadılar.,Negatif
cihazın üst kapağı ezik ve açma kapama düğmesi çalışmıyor. sanki iade ürünü gibi,Negatif
bu satıcıdan aldıgıma çok pişman oldum kırmızı aldık hiç olmadık kötü bir renk geldi çok pişmanım bir kez kontrol dahi etmeden göndermişler farklı satıcılardan alın,Negatif
ürün kargoda kayboldu,Negatif
"maalesef taşırıyor kahveyi, elektrikli cezve alın paranızı çöpe atmayın, iade de kabul etmiyorlar kalıyorsunuz ortada.",Negatif
ürünüm bşr aydır gelmedi kayım ilgileen yok,Negatif
"ürün hiç çalışmadı, arzum’a bunu hiç yakıştıramıyorum, bu kadar temel bir sorun çıkmasını, çok heveslenerek almıştık ama maalesef iade ettik. satıcı ise başarılı, onay süreci çok hızlı ilerledi.",Negatif
ürünü beğenmedim zaten bozuk geldi daha üründen ağız tadıyla sıcak bir kahve içemedim 2 haftalık ürün serviste yorum sizin,Negatif
kesinlik ile tavsiye etmiyorum,Negatif
fabrikadan üretim hatası ayıplı ürün olarak çıkmış paketlenmiş satışa sunulmuş kahveyide suyuda tam ölçüsüyle koydum pişirmedi pişirmeyi yarıda durdurup alarmı çalıyor kahveyi soğuk şekilde bırakıyor bende anında iade ettim,Negatif
"ikinci kullanımda arıza veren bir cihaz. nedir bu, normal midir diye sorduğunuz arzum iletişim merkezinin de size bu bir arıza, servise götürün diye çok zekice ve ilgili bir cevap vermesi.",Negatif
"kesinlikle tavsiye etmiyorum, bir gün çalışıp 2 gün çalışmayıp yetkili serviste süründüren cihaz modeli...",Negatif
malesef ürünün yaptığı kahve kötü artı 2 fincanlık kahve yaparken bile taşarak her tarafı batıran bir ürün keşke almasaydım,Negatif
asla tavsiye etmiyorum. magaza bastan sona fiyasko 10 tl fazla verin baska yerden alin. sinir harbi yasattilar.,Negatif
defolu ürün gönderdi. berbat satıcı.,Negatif
"maalesef beklentim dışında kaldı,,,önceki arçelik ti köpüklü yapıyordu 5 sene idare etti bozuldu ,bende bu arzum u sipariş ettim fakat bu arzum okka köpüklü yapmıyor kahveyi,,sınıfta kaldı,,,köpüklü isteyen almasın bu ürünü,,paranıza yazık...",Negatif
haftalardır elime geçmediği için beğenme şansım olmadı.,Negatif
mağdur bırakıldım beğenmedim daha elime gelmedi,Negatif
fiş yokkkkkk özensiz paketleme kötü kargo fiş yok ürün çalışıyor.,Negatif
ürün kargoya çok geç verildi kargodan da hala gelemedi nasıl tamamlandı anlamadım,Negatif
berbat ötesi firma ve kargo şirketi uzak durun berbat ürün berbat kargo tek anlamıyla rezalet,Negatif
"ürünü kesinlikle tavsiye etmem, doğru düzgün hiç köpük olmuyor, aldığıma pişmanım, denediğim için iade de edemiyorum, uzak durun derim",Negatif
üründen hiç memnun kalmadım hiç köpük yapmıyor iade etmek istiyorum,Negatif
ürünü beğenmedim yeterince köpük olmuyor.. defalarca denedim.. tam kaynamadan kapıtıyor.. bu parayı hak etmiyor..  n11.com üyesi,Negatif
ürünü aldıktan sonra 3. kullanımda arızalandı. soru cevap kısmına bakarsanız diğer alıcıların da benzer sorunlar yaşadıklarını görürsünüz.,Negatif
"ürünü direkt paketleyip gondermisler, özensiz satıcı, aynı ürünü farklı bir yerden almanızı ısrarla öneririm, hediye aldıgımı, özenle paketlenmesini istememe ragmen, paket yolda yamuk yumuk olmus..",Negatif
özensiz paketlenmiş ve hediyesiz,Negatif
ürün eksik gönderildi. bu firmadan almayın,Negatif
evet ürünü beğendim. ama mağaza çok yavaştı ve bilgi vermedi geç kalacağını,Negatif
ürün kırık çıktı ve ben hala mağazadan cevap alamıyorum kampanya dönemleriymiş çok yoğunlarmış,Negatif
ürünün içinden sadece 1 tane kapağı çıktı. bu konuda size ulaşamıyorum.bu konuda sizden geri dönüş bekliyorum.,Negatif
"deneyemedik ki, denemeden rafa kaldırdık, lazım olunca çalışmadı",Negatif
ürün zaten standart piyasada en çok tercih edilen bilinen bir ürün önemli lan hangi satıcıdan aldığınız kesinlikle bu firmayı tercih etmeyin,Negatif
sevmedim arzum sana yakışmadı hayır beklediğim kalitede çıkmadı hayal kırıklığı,Negatif
berbat kargolama güzel ürün ürün güzel de sevgili satıcı ürünün kutusuna streç sarıp zahmet etmişsin. hiç gerek yoktu. kargomu pamuklara sarıp getirmişler...... yahu insan ekstra bir kutuya koyar ya da etrafına saçma sapan streç yerine pat pat sarar. kutu ezik geldi. allah'tan sağlam çıktı ürün. yoksa uğraş dur satıcıyla.,Negatif
"faturasiz urun yolluyorlar sonra mesaj atarak fatura dilenmeniz gerekiyor. mesajiniza cevap da yazmiyorlar, bu esnaflar ya iletisimi ogrenecek ya da is yapmayacak!",Negatif
gelmedi kargoda görünüyor ama gelmedi,Negatif
ilgisiz gelmediki yorum yapayım.,Negatif
ne ürünü nede mağazanın yaklaşımını hiç beğenmedim,Negatif
ilk kullanımda bıcakları plastiği kırıldı iade vermiyorlar dediğim gibi plastik adi 1 kuru sunu bıle haketmiyor,Negatif
ürün çalışırken çok kötü plastik kokusı geliyor. beğenmedim.,Negatif
aldıktan tam bir ay sonra bozuldu,Negatif
henüz daha alalı 1 ay oldu veya olmadı. ilk kullanımından sonra bozuldu. doğru düzgün çalışmıyor bile. hiç memnun kalmadım.,Negatif
mağaza berbat ürünü aldım baktım adres yanlış hemen değişiklik istedim adreste değişiklik yapmıyoruz deyip olmadığım adrese ürünü yolladılar ben böyle saçma bisey görmedim,Negatif
ürün 7 günde tarafıma ulaştırıldı.kargo streç filme sarılı gönderilmişti.,Negatif
aceleniz varsa almayın,Negatif
"ezilmiş ürün geldi, hiç denemeden iade ettim.",Negatif
"paranızı çöpe atmak istiyorsanız alabilirsiniz. ben hayatımda böyle kalitesiz, böyle gereksiz, böyle kötü bir pişirme ürünü görmedim. hiçbir şeyi doğru düzgün pişirmiyor. elektriğin bu kadar pahalı olduğu bir dönemde hele hele böyle bir şey almak akıl karı değil. kesinlikle uzak durun.",Negatif
ürün beklentimi karşılamadı hiç yorumlara bakarak aldım ama fıs tavuk şiş yaptım ama saman gibi oldu altına su koymama rağmen ... aklınız restorandaki tavuk et ızgaraya gitmesin kömür ile pişen etin tadını elektikli pişiricilerin hiç birinde almak mümkün değil bunu bir kez daha anladım 110 tl çöp oldu bir kere kullandım,Negatif
ürüne ulasamadm bılgılendırme yok hiç kimseye ulasılamıyor,Negatif
"bu kadar basit bir ürüne bunca güzel yorum ha? hiç mi mangal görmediniz yahu? vasat oğlu vasat, mecburiyet haricinde kesinlikle kullanılmayacak bir ürün. zerre kadar memnun kalmadım.",Negatif
kargo takip sorunu nedeniyle iade edilen ürün hk ürün elimize ulaşmadı,Negatif
ürünü beğenmedim boyut küçük,Negatif
ürünün her yeri çizik. içinden çıkan tepsi yağlıydı. sanki kullanılmış ürün göndermişler. geri iade etmekle uğraşmadım fiyatı düşük diye. ayrıca standart boy aşırı küçük. kesinlikle standart almayın.,Negatif
gelen üründe darbe ve ezikler vardı. gelen malzemenin dış kalitesi düşük.üzerinde ezikler ve göçükler vardı.iade etme işini zahmetli bulduğum için mağazayla dialog’a geçmedim.daha özenli davranılırsa sevinirim.,Negatif
fiyasko bir ürün hayır kesinlikle beş para etmez.tavsiye etmiyorum,Negatif
sakın buradan alişveris yapmayin kargo şirketimiz berbat geldiklerinde ne aradılar ne zilime bastılar mağdur oldum resmen üründe berbat yamuk yumuk geldi hiç tavsiye etmiyorum bu mağazadan alışveriş yapmayınız!!!!!!!!!!!!!!!!!!!!,Negatif
ürün göründüğü gibi değil,Negatif
lütfen ürün paketlemesine dikkat ürünün içersindeki şişler hep ürüne zarar vermiş çizmiş,Negatif
paketleme kötü.ürün zaten cok ince oldugu için bazi yerleri egilmiş.,Negatif
hayir anlatildigi gibi degil,Negatif
urun kesinlikle önereceğim bir urun degil performans vs konusunda cok altta kalan bir cihaz. baska biraz daha fazla para verin daha iyi urun alin,Negatif
1-2 sene sonra çekim gücü bitti gırgır bile bundan daha iyi çeker,Negatif
kablosu geri çekmiyor,Negatif
"annem için almıstım fakat yaşlı olduğu için bozuk oldugunu anlayamadı, bende geç gördüğüm için makinayı iade edemedik, toz kutusı zor acılıp kapanıyor ve makinenin emiş gücü cok az",Negatif
bozuk ürün,Negatif
2 yıldır kullanıyorum ama hiç memnun değilim. çekiş gücü gitgide azaldı şimdi çok az çekiyor. ayrıca her supurmeden sonra filtreyi çırpmak gerekiyor ve o sırada felaket toz çıkıyor ve beni aşırı rahatsız ediyor. filtre cirpilmazsa neredeyse hiç çekmiyor. yorumlara baktım aldim ama kesinlikle pişman oldum. tekrar süpürge alacak olsam kesinlikle toz torbalı alırım onlar bin kat daha iyi.,Negatif
hiç çekmiyor. küçük el süpürgeleri bile ondan iyi çekiyor. uzak durun.,Negatif
ürünü kesinlikle almayın ilk süpürme de cekmemeye başladı kapağı zor açılıyor paramız çöpe gitti eski makine 20 yıllık bundan daha iyiydi,Negatif
ürün hiçde anlatıldığı gbi değil halıyı kaldırmayı geçtim üzerindeki leri çekemiyor motor gücü berbat ufak tefek pratik diye yorumlara aldanarak aldm ama performans olarak ck kötü kesk’e üç beş fazla verip daha iyi bişey alsaydım philips kalitesine aldandım almayın derim,Negatif
hayır beğenmedim.,Negatif
hayır beğenmedim,Negatif
hic yok beyenmedim,Negatif
hayir begenmedim ve iade istiyorum,Negatif
"birkaç ay oldu ürünü alalı. malesef çekişi çok düştü. filtreler felan tıknmıştır diye düşünebilirsiniz belki, anlarım bu işlerden filtrelerini felan temizlememize rağmen malesef durum bu. maksatım sonradan alacaklar doğru ürünü alsın. yoksa biz aldık geçtik malesef.",Negatif
tabii ki de beğenmedim berbat ürün getirin sonra da reklam peşinde koşun önce ürününüzü kaliteleştirin rezill,Negatif
kesinlikle almayın çöp haznesinde çöp yok ama bir halı süpürmeden filitre tıkanıyor normal bir daireyi süpürmeye kalkarsanız en az beş kez fikire temizlemeniz gerekiyor bu durumdan hiç memnun değilim kimseye tafsiye etmem,Negatif
aman uzak durun amann!!! ilgisiz alakasiz ozensiz bir magaza kesinlikle tavsiye etmiyorum kutunun uzerine sozde garanti belgesi koyulmus belge yok diyorum kutudadir diye cevap veriliyor defalarca iletisime gecmek istedigim halde irtibata gecmiyorlar keisnlikle alisveris yapilmamasi gereken bir magaza 100 lerce alisveris yaptim n11 uzerinden alisveris yaptigim en kotu magazaydi kesinlikle...,Negatif
ürün elimize ulaştı ve 1 hafta sonra arıza verdi süpürge makinesi çekmemeye başladı.anlayacaginiz iade kabul edilmiyor.servise götürüp tamir edilmesi gerekecek.sıfır alınan ve bu kadar para verilen bi alet 1 hafta sonra ariza vermesi ürünün iyi olmadığını gösteriyor.bana sorarsanız bu ürünü hiç almayınız.,Negatif
para iadesi istiyorum ürün gelmedi para iadesi istiyorum,Negatif
gerçekten bu siteye yazık ürünü beğenerek aldım ama sonuç hüsran mağaza sadece lafta,Negatif
ortalikta bisey yok urun hala gelmedi,Negatif
idare eder parasının değeri degil,Negatif
"mağaza çok berbat, ürün gelmedi, kargoya verildi deniyor ancak 10 gündür ses yok. n11 mağazadan da kötü. ortada olmayan ürünün durumunu tamamlandı olarak değiştirdi. çağrılarım cevapsız kaldı!!!!",Negatif
gelmedi ki yorum yapalim..paramizi aldiniz ürün ortalikta yok..,Negatif
ürün yok ortalıkta,Negatif
ürün ortada yok ki değerlendirelim.,Negatif
çok geç teslim edildi,Negatif
rezil dolandırıcı firma hayır rezil firma,Negatif
ürün gelmedi 20 gün oldu hala yok ortada,Negatif
pişmanımm hayır beğenmedim,Negatif
kesinlikle tercih etmeyin! hayır hiç faydalı bulmadım,Negatif
kesinlikle almayin hic kullanisli degil toz yeri tikaniyor surekli sadece bi odayi bile supurmuyor,Negatif
hayır hiç beğenmedim,Negatif
"ürünü yorumlara güvenerek aldım. 6 ay kullandık. ev sakinlerinin (kullananların) ortak şikayeti çekmiyor. çekiş çok zayıf, almışken iyi çekenini almalı. yorum yazarkende kullanıp yazmalı. ürünü kutudan çıkarmadan yorum yazıp insanları yanıltmamalı...",Negatif
saçma cevaplar ve saçma bi ürün ürünün kapağı açılmıyor iyi diye alıp pişman olmayın kapağının açılmaması büyük sorun,Negatif
sapı hatalı geldi,Negatif
sakın almayın!!! ürün çok kötü...aldıktan  1 ay sonra süpürgenin sesi değişti.şu an hiç iyi süpürmüyor.garantisi henüz dolmadığı için yarın tamire götüreceğim bakalım ne diyecekler...ne gibi bahaneler bulacaklar....,Negatif
"sakın almayın ürün 3 haftada bozuldu, neyse bu olabilir benim olduğum yerde servis yok merkezde var 100 km uzaktayım aradım getirin diyor kargoyla yollayacam ücret bana aitmiş , ürünün kutusunun üzerinde 2  yıl evde servis garantili diyor onu söylüyoruz orda ücretsiz yazmıyormuş servis ücret talep edermiş sahtekarlık insanları kandırıyorlar philips in hiç bir ürününü asla almam,diğer firmalar garanti devam edince kargoyu kendileri karşılıyor bunlar müşteriye yıkıyor birde 2 yıl  evde servis garantili diye satıyorlar ondanda ücret istiyorlar.philipsle işim olmaz artık alacakların dikkatine sattığın malın arkasında durmuyorlar",Negatif
son derece berbat bir ürün,Negatif
ürün kırıl geldi göndermeden önce kontrol edilmeliydi,Negatif
"çok kalitesiz bir ürün 1 haftada normal kullanımda kırıldı. daha önce farklı ürünler kullandım, 5-6 ay götürüyordu. bu ürün dayanmadı. kesinlikle düşürme, çarpma, sıkıştırma olmadı. cebimde alt kısımdan, home bölümünden çatladı ve aynı gün çatlaklar büyüdü.",Negatif
gereksiz parasını hak etmeyen ürün parasını hak etmeyen bir ürün paketleme özensiz gelen ürün ekrana tam oturmasını geçiyorum yapışmıyor sürekli hava kalıyor zaten ekrana küçük geliyor alacak olan arkadaşlar başka bir mağazadan almalarını ısrarla tavsiye ederim sakın almayın !!!!,Negatif
sakın almayın koselere felan gitmiyor resimde ki gibi degil ayrica kenarlarda tam yapismiyor. sorun bende degil cok duzgun taktim urun berbat.,Negatif
berbat berbat. berbat. berbat. berbat berbat berbat berbat berbat berbat berbat. berbat berbat. berbat. berbat. berbat,Negatif
taktım 2 gün geçmedi cebimde kırıldı lafta kırılmaz,Negatif
"ürün anlatıldığı gibi değil, tam koruma vs hikaye..",Negatif
ürün sanki kullanılıp iade olmuş,Negatif
aldım durduk yere ufaktan köşesi kırılmaya başladı baktım aşağılarda öyle dandik gevrek bi ürün,Negatif
kesinlikle tavsiye etmiyorum camı kırık gönderdiler iki kez.,Negatif
gelmedi kaç gündür halen elime ulaşmadı bilgilendirme de yok,Negatif
kesinlikle tavsiye etmiyorum.3 adet sipariş ettim 1 adedi kırık çıktı mağazayla iletişime geçtim iade talebi oluşturun gönderelim dediler fakat iade talebi oluşturduktan sonra iptal ettiler ver mesajlarıma cevap vermediler. sonuçta 1 tane dandik cam için bunu yaptılar tavsiye etmiyorum.,Negatif
kullanamadım çünkü ekrana yapışmadı 3 tane almıştım hepsinee aynı sorun vardı. instagramdan durumu bildirdiğimde sonraki siparişinizde size bir adet hediye edelim dediler dalga geçer gibi. ilk yapışları da değil bunu. aynısını babamın başına da gelmişti. gerçekten bi hata olduğuna inanıp tekrar sipriş verdim. bir daha asla vermeyeceğim,Negatif
dikkatsiz bi şekilde gönderim olmuş kontrol edilmeden,Negatif
ürün kırık geldi param çöp,Negatif
gösterildi gibi değil,Negatif
kalitesiz hayir beğenmedim,Negatif
farklı ürün yollayıp ürün kalmamış bahanesi duyarsanız şaşırmayın.,Negatif
ürün yarısı çatlak geldi kargo şirketi saolsun kırdım attım bi paket sigara parası gitti,Negatif
taktim ama kirirldi az bişey onuda gectim siparişte yaninda kilif istedim şeffef kilif o gelmedi,Negatif
"köşeleri görseldeki gibi değil. farklı üürn gönderiyorlar, hiç memnun kalmadım.",Negatif
hayır lekeli cam,Negatif
beğenmedin kalitesiz ürün,Negatif
güzel değil hava kabarcığı kalıyor ve gitmiyor,Negatif
ürün kalite pek iyi bulmadım,Negatif
düşük kalitede ürün,Negatif
ürün gösterildiği ve açıklamadaki gibi değil,Negatif
çok kalitesiz ürün para vermeyin,Negatif
tavsiye etmem beğenilecek bir ürün değildir,Negatif
urun kirik geldi urun kargodan kirik geldi paketleme ozenli yapilmamis,Negatif
kalite sıfır ürün kalitesiz ...,Negatif
ürün cami maalesef kırık geldi bu nasıl bişy yazık paraya yazık,Negatif
tavsiye etmiyorum ürün hava kabarcıkları bırakıyor ve aşırı leke kalıyor.,Negatif
beğenmedim gelen kırılmaz ekranda leke var çöpe attım,Negatif
rezillik hayır ürün kırıkezik ve berbat bir şekilde geldi,Negatif
"tam bir fiyasko.... bu mağazadan daha önce ürün almıştım, gelen ürünler kaliteli ve güzeldi ancak bu sefer aldığım 3 ekran koruyucu ise tam bir fiyasko. çok kalitesiz ürünler. ekrana yapışmıyorlar. ne yaparsanız yapın kenarları hep balon kalıyor. eğer ürünün böyle olacağını bilseydim asla almazdım. alacak kişilere tavsiye etmiyorum.",Negatif
beğenmedim insan bu kırılmaz camın içne bir ıslak bir kuru bez koyar dı bide yapışmadı hava var ekranda,Negatif
aşırı kırılgan daha telefon hic dusmeden kenarlari ufalanmaya basladi. iyi bir cam kalitesunde degildi.,Negatif
çok dandik ürün... kargo çok özensizdi naylon bir kabın içine koyup göndermişler gönderdikleri kapta kırılmıştı. kenarları tam kapatmıyor takarken baya hava kaldı ve kırıldı rezalet tamam ucuz ama bedavada değil 15 lirayı çöpe attık,Negatif
"umduğum gibi değil ürün belirtildiği gibi kavisli ekran değil, ekranda onlarca kabarcık oluştu ve bir türlü geçmedi. parmak okuyucu kısmı rahatsız edici şekilde kabartı oluşturdu. 4-5 tl olan karılmaz ekranlar daha başarılı tekrar onlardan alacağım .",Negatif
hayır beğenmedim direk çöpe attım,Negatif
hayır bilerek yanlış ürün gönderdiklerini bildirdiler,Negatif
ürğn kalitesiz begenmedim,Negatif
kalitesiz ürğn begenmedim,Negatif
kalite düsmüş ilk siparisim ne kadar iyiyse bu malesef o kadar kotuydu dokunmadan kiriliyorlar. ilk aldigim urunden memnun oldugum icin siparis vermistim ancak bir daha vermem.,Negatif
ürün kırık geldi koruyucu ambalaj berbattı,Negatif
kalitesiz 1 ay bile dayanmaz. kalitesiz ürün. tercih etmeyin,Negatif
düşük kalite hayır beğenmedim. kalitesiz,Negatif
"görünenden farklı ürün tam oturmuyor kenarlarda boşluk kaldı, ürün paketi ile içindeki ürünlerin tanıtımı birbirinden farklı birinde 11d yazıyor birinde 9d, çok sorun değil parmak izi okuyucu bölmesinde azda olsa kırık var çok küçük olsada kırık kırıktır, 19 tl ye mükemmeli aramıyorum ancak biraz daha iyi olabilirdi",Negatif
ürün kalitesiz ve kötü daha önce almıştım kaliteliydi bu sefer ikinci günü kırıldı bir daha asla almam.,Negatif
"taktım uydu, sağlamlığı kullanmadan bilemiyorum ama güçlü darbelerden korumaz ancak cebinizde bir şeyler değmesinden kılcal çiziklerden koruyabilir.",Negatif
berbat kesınlıke tavsiye etmiyorum.alan kişi pişman olur,Negatif
"aldığım ürün defolduydu , üzerinde bir çok çizik vardı , takmadan çöpe atmak zorunda kaldım , onun için tavsiye etmiyorum , almayın.",Negatif
"1-ürün beş para etmez. 2-faturasız ürün satıyorlar. 3-kaçak ürün satmak yasadışıdır,alanda satanda suçludur.",Negatif
kaliteiz hayır tasvye etmem kısa mesfede düştü catadı hemen,Negatif
hayır yanlış istemediğim ürün geldi nasıl beğenebilirim üzerine bir dünya yol gidip geldim ayıptır,Negatif
"ürün kutu.....,....",Negatif
kalitesiz ürünler telefonun kenarlarına asla yapışmıyor. üstlerinde tozlar ve pislikler mevcut. başka bir yerden almanızı tavsiye ederim.,Negatif
berbat maalesef beğenmedim,Negatif
takarken kırıldı kesinlikle hayır,Negatif
beğenmedik boşuna para verdik,Negatif
hayal kırıklığı ürünü ilk aldığımda gayet iyiydi beğenmiştim tekrar sipariş verdim ve 3 kaptan 2 si kırık çıktı güvenimi sarstı mağaza,Negatif
hayır sorunlu çizikler mevcut tavsiye etmiyorum,Negatif
ürünüm kırık geldi kesinlikle alışveriş yapmanızı tavsiye etmem,Negatif
kırık ürün ilgisiz mağaza ürün üst sol kısım çatlak çıktı paketleme aşamasında kontrol edilmemiş paket içinden iletişim numaralarını aradım mesaj bıraktım kimse kaileye bile almadı ürünü iade etmek yerine yorum daha faydalı olacağını düşünüyorum esnaflık malı satana kadar olmamalı,Negatif
"ürün başarısız bir ürün. amacı ekranı korumak olan bir ürünün de iyi kötü dayanıklı olması lazım ancak en ufak darbede kırılıyor. 3 tane aldım, 3'ü de aynı hafta içinde kırıldı. promosyon aldığım kablolardan biri iki hafta dayandı, diğerinin de usb giriş yerindeki plastiği çıktı.",Negatif
uzak durun..!!!!! kesinlikle uzak durun yorumlara baktım hep yanlış renk gönderildiği yazıyordu yine de hatadır dedim istemeden olmuştur dedim ve gittim sipariş verdim vermez olaydım siyah sipariş ettim bana da beyaz gönderdiler resmen dalga geçiyorlar. ayrıca 7_8 günde anca geldi onu da ben kendim gittim aldım kargo şirketi getirmedi biz getiremiyoruz sen gelip alıyorsun dedi pes.,Negatif
berbat berbat berbat ilgisizlik hat safa’da,Negatif
"çok kötü ürünün kullanımı çok kötü , ekranda kayma hissiyatı yok sanki beton zemine sürüyormuşsunuz gibi bir his veriyor ( önceki kullandıklarıma göre ) , çok fazla parmak izi bırakıyor ve ekran temizlenmesine rağmen çok çabuk kirleniyor. ürün kesinlikle fiyatının ürünü değildir. az bir miktar eklenerek daha iyi kalitede ürünler alınabilir. ürün durduk yere kırılmıştır. hiçbir düşüm etkisi yaşamamıştır.",Negatif
kalitesiz baloncuk kalıyor üründe. kalitesiz iki adet ekran koruma harcadım yine de baloncuk kaldı. şeffaf slikon kılıfları da çizik ve kirli. kesinlikle bir daha tercih etmeyeceğim bir ürün.,Negatif
maalesef biri kırık çıktı keşke ürünler gönderilmeden kontrol edilse. bell ki ürün pakette koyulmadan önce kırıkmış. kutu içinde böyle kırılması zor. 3 al 2 öde diye kampanyaya katıl 1’i kırık çıksın. üzücü,Negatif
yanlış ürün geldi ürünü yanlış göndermişsiniz beğenmedim,Negatif
1 hafta kullanmadan kırıldı yanlardan çok inçe tavsiye etmiyorum,Negatif
ürün çok kötü kalitesiz sözde kırılmaz cam ama okadar ince ki daha takarken kırılıyor tavsiye etmem alacaklara başka ürünlere baksinlar,Negatif
kesinlikle koruyucu falan değil,Negatif
tam bir rezillik hem mağazası hem ürünü sakın bulaşmayın kırık cam yolladılar kabulde. etmediler,Negatif
kötü ekran daha önce de almıştım. ama bu 3 tanesi aynı yerlerden kabarcık bıraktı,Negatif
"kalitesiz nisan ayından beri aldığım 7. ürün oldu. nasıl oluyor bilmiyorum ama 1 haftada kırılıyor, çatlıyor. çok kalitesiz. bir daha sipariş vermeyeceğim.",Negatif
kesinlikle tavsiye etmiyorum uzak durum,Negatif
kesinlikle beğenmedim 3d falan değil bu resmen köşeli,Negatif
"kalite sıfır ürün cama yapıştığında üst ve alt taraftan boşluk kalıyor, taktıktan sonraki gün zaten kırıldı. adı kırılmaz cam.",Negatif
"ürün cama yapıştığında üst ve alt taraftan boşluk kalıyor, taktıktan sonraki gün zaten kırıldı. adı kırılmaz cam.",Negatif
özensiz paketleme yanlış kılıf 3 kere sipariş verdim ilk ikisinde kargolar iyi gelmişti ama 3.siparişimde paketleme yıpılmamıştı kargo poşetine öylece koyulmuştu iphone 8 plus kırmaz cam siparişi ve silikon kılıf siparişi veriyorum silikon kılıflar iphone 7 geliyor 7 plus bile değil boş boşuna kılıf parası verdim,Negatif
"ürün sonradan gönderildi dendiği halde elime ulaşmadı hayır, çünkü ürün asla gelmedi",Negatif
kötü kötü beğenmedim,Negatif
elime ulaşmadan geri göndermişler,Negatif
mağaza fatura kesmiyor. yasa dışı satış yapıyor. ayrıca ürünler beş para etmez. maliyeye şikayet edeceğim. fatura kesmeden eticaret yapamazsınız...,Negatif
"çok kötü,hassasiyet sorunu,sağlam değil daha önce küçük koruma kullandım , bu ürün ilk olarak çok kalın ve dokunmatikde hassaslık yaratıyor, çok hassas daha ilk günde cebimde köşelerinden çatladı kendi kendine koruyucu boşu boşuna alıp da canınızı sıkmayın bence.",Negatif
ürün anlatıldığı gibi şayet defolu çıktı,Negatif
ürünler hasarlı geldi ama kullanılmayacak gibi değildi. gondermekle uğraşmadım.,Negatif
berbat. üretim hatası ürünü göndermişler ziyan oldu paramız ürün güzel paketli idi. ancak kendisini berbat. ürünün kendisini kendi plastik ayracından çıkardığımda kendi yapışkan kısmının yüzeyinde nerdeyse yarısında toz falan yapışmış haldeydi. yani sanki üretim hatası ürünü bş güzel paketleyip göndermişler,Negatif
kalitesiz ve basit üç adet aldım biri kırık çıktı diğer ikisi yapışmıyor arada boşluk kalıyor. kesinlikle ne ürünü hem satıcıyı tavsiye etmem,Negatif
"kalitesiz ürün, kötü kargo sonuç hem hayal kırıklığı hem kırık ekran",Negatif
kalitesiz ürün kötü kargo sonuç hem hayal kırıklığı hem kırık ekran,Negatif
çöp berbat şakın almayın 5 para etmez kalitesiz bi ürün iade etmeye erindim,Negatif
ürün kalitesi berbat inanılmaz kalitesiz bir ürün ali express de 5 liraya satılanlardan hiçbir farkı yok ben pişman oldum az daha para verip kalitelisini alın,Negatif
sorunlu ürün çok çabuk kırılıyor,Negatif
kesinlikle almayın ürünü beğenip beğenmemek önemli değil mağaza söyleneni yapmıyor eksik gönderim yapıyor iade başlattığınızda ise iade yi kabul etmiyor,Negatif
ürün bekleneni fiyat olarak karşılıyor ama hediyeli paket almayın içine eksik koyuyorlar siz iade ettiğinizde ise iadeyi reddediyorlar,Negatif
ilgisiz mağaza. ürünü satın alırken beyaz ve siyah renk karışık istemiş olmama rağmen mağaza hepsini siyah gönderdi. müşteri taleplerini değerlendirme bakımından çok zayıf ve yetersizler. ürün ile ilgili sorun gözükmüyor.,Negatif
lütfen paranızı ziyan etmeyin. ürün 3 günde elime ulaştı. özensiz paketlenmişti ve defolu ürün yolladılar. bugüne kadar sayısız ekran koruyucu yapıştırdım bu kadar kalitesizini ilk defa gördüm. 35 liraya 3 tane ekran koruyucu alacağıma 35 liraya 1 tane düzgün alsaymışım keşke. göz göre göre yapışkanı defolu ürün yolladılar. yazık. 30 lira için düştükleri duruma bak. yazık...,Negatif
"ürünü hiç beğenmedim. 3 adet ürün almıştım hiçbirini bir hafta bile sağlam kullanamadım. biri takıldığı gün parçalandı, diğer ikisi düşme darbe herhangi bir şey olmadığı halde 2. gün kırıldı...",Negatif
hayır beğenmedim sağlam kargo yapılmayan ucuz bir malzeme,Negatif
hiç görmedim gelmedi,Negatif
ürün rezalet. aldıktan sonra telefonun otomatik ekran parlaklığı özelliği çalışmıyor. ürün ekrana tam oturuyor fakat alt ve üst tarafları siyah olduğu için üstteki sensörleri kapatıyor. aldım bir gün sonra çöpe attım. sakın almayın.,Negatif
ürünün yanında kartvizit göndermesi ayrıcalık,Negatif
ürün kırık çıktı param boşa gitti mağaza sahibi yeni ürün göndericeğini söyledi ama yalancı söylemiş ne ürün geldi ne param,Negatif
ürün güzel fakat faturası gelmedi,Negatif
ürünün hemen kargoya verdi fakat ekran koruyucu temizleyecek temizleme mendili göndermemiş haliyle pürüzler oluştu ekranda,Negatif
göründüğü gibi değil ürün her yerinde kabarcık kaldı tavsiye etmiyorum,Negatif
ürün hayal kırıklığı tuş tarafı enine kafam kadar cizgi fotolarda belirtemedim ama takmadım bile... iade için uğraşmıyorum 17₺ size helal mi haram mı siz belirleyin.. herşey güzel ama insan bir malını kontrol eder. hayırlı satışlar... mahalle telefoncularından alın cizik kırık olmaz... takmadan çöpe atıldı hayırlı olsun,Negatif
gönderilen koruyucu ile telefon uyumsuzdu.ekran boyutları telefon ekran boyutundan küçük ve ekranı kırpıyor.çöpe atılmış bir sipariş oldu benim için.,Negatif
faturasız ürün nasıl satıyorsunuz? maliyeye şikayet edeceğim sizi!!!,Negatif
ürünün kalitesi çok kötü kaçıncıya alıyorum 2 3 günde kırılıyor,Negatif
kötü ürün o kadar ekran koruyucu aldım bundan kötüsünü görmedim ekrana yapıştırdığımda 3 tanesinde de hava boşluğu kaldı,Negatif
saçma sapan ürünler geldi hayır beğenmedim kötü,Negatif
çok kalitesiz..sakın! aşırı kalitesiz.hemen kırılıyor.sakın düşünmeyin.,Negatif
sakın!! ürün aşırı kalitesiz..daha 5. gün çatladı ki telefonumu asla yere düşürmedim. aynı üründen 3 tane aldım ayrı telefonlara takmıştım ki hepsi ya 5. gün ya 7. gün kırıldı.sakın almayın.biraz daha para verin daha kalitelisini alın..,Negatif
"ürün kalitesi inanılmaz kötü,kırılmaz cam diye satılıyor ama bildiğiniz sert plastik. 3 al 2 öde kapanmasından dolayı iade etme ihtimalim var mı bilmiyorum.varsa bilgi verin lütfen..yazık verdiğim parama acıyorum. kesinlikle almayın..",Negatif
çok dandik almayın taktığım gibi herhangi bir darbe gelmeden iki tarafından çatladı. almayın.,Negatif
ürün hiç beklediğim gibi çıkmadı.taktığım gün üst kısmı kırıldı.beğenmedim.,Negatif
çok kötü. kesinlikle tavsiye etmiyorum. ürün çok kötü. ortada bir cam var. camın etrafı plastik. telefon üzerinde inanılmaz çirkin bir görüntü oluşturuyor. kesinlikle tavsiye etmiyorum. çok kalitesiz,Negatif
"kalitesi berbat ürün ucuz olduğu için çok da bir beklentim yoktu ama bu beklentilerimin de altında. zerre beğenmedim. orda bir cam var ve kenarları cam değil. ortadaki cam genişliği ekrandan dar. kör noktalar var. kenardaki plastik kısım da çok kalitesiz. kılıfı takınca kılıfın kenarları itiyor ve yanlardan kalkma yapıyor. kısacası paranız boşa gider, kullanılacak bir şey değil.",Negatif
daha öncede aynı ürünü aldım ancak son aldığım 3 adetinin kalitesi çok kotuydu üçünüde attım bir işime yaramadı. daha önce gönderilenler çok daha kaliteli ürünlerdi bunlar ekranda hava boslugu bırakıyor malzeme kalitesi çok daha kötü. konu ile ilgili iyileştirme yapılacagını umut ediyorum,Negatif
hayal kırıklığı oldu,Negatif
geçen yıl bozuldu ve çöpe attım.,Negatif
bu ürünü alalı çok olmuştu ürün hiç çalışmadığı için iade etmiştim. sakın paranızı çöpe atmayın. ucuz etin yahnisi yenmez derler.,Negatif
kullanılmış kulaklık gönderilmiş. paket içinde kullanma klavuzu ve üst jelatini yoktu. mutemelen iade edilmiş ürün göderildi. aynen çöpe attım.,Negatif
ürün maalesef çalışmıyor yahut şarj olmuyor,Negatif
"işe yaramaz denemek için almıştım, hata olduğunu gördüm. oyuncak gibi bir şey.",Negatif
berbat ürün almayin ürünü aldım iade verdim ne iadem geldi ne ürünüm ne param ortada kaliyonuz almayın sakina,Negatif
urun hatali urun hayali olduğu icin,Negatif
sıkıntılı hayır ürün anlatıldığı gibi degil,Negatif
ürün beklediğim gibi gelmedi ürün güzel deyil ses seviyesi yerlerde almayın aldırmayın be. aldım pişmanım,Negatif
ürün berbat hayır asla beğenmedim kesinlikte tavsiye etmem,Negatif
parayı çöpe atmayın 50 tl lik üründen ne beklersiniz ki.. küçücük bir şey kulağıma bile girmiyor sesi de net değil 50 tl çöp oldu bunu 5 yaşındaki kardeşim kullanır ancak yapılan yorumlara aldanmayın 1 yıldızli olanlara bakın onlar gerçek olan yorumlardır..,Negatif
kesinlikle tavsiye edilmez. şarj kesinlikle sıkıntı…devamlı takılı kalırsa ancak kullanılabiliyor,Negatif
"ürün kulaklığının altında yer alan jak, bir süre sonra çalışmıyor.",Negatif
yok radyo çalışmadı ve küçük,Negatif
bluetooth bağlanmıyor bozuk sakın almayın geri iade almıyor mağaza paranıza yazık olur,Negatif
ürün aşırı kötü ürün şimdiye kadar aldığım en kötü ürün diyebilirim n11'den uzun süredir alışveriş yaparım ilk defa böyle bir şey ile karşılaştım. ürün ne anlatıldığı gibi ne gösterildiği gibi ürünün sol tarafı tamamen kırık geldi ürünün yapılan plastiği çok dandik yanında adaptörü gelmedi. kutusu hırpalanmış gibi ufacık kutuya koca kulaklığı koymuşlar çıkarması bile güç yani diyeceğim o ki rezalet yaşadım kargo firmasıda 1 haftadır çağırmama rağmen gelmedi ürünü iade de edemedim diyeceğim o ki ürüne 0 veriyorum,Negatif
çok kalitesiz kesinlikle hayır ürünü çok kalitesiz,Negatif
kötü ürün radyo çalışmıyor tek yıldiz bile fazla hayır memnun değilim,Negatif
insan bi denerde gönderir bozuk kulaklıgı göndermişler,Negatif
"kırık kulaklık hayır, artık bu mağazadan hiçbisey almam. kırık kulaklığı göndermiş bana.",Negatif
arızalı ürün hiç beğenmedim,Negatif
"ayni gün edilen iade talebi red ettiler ıade kesinikle yapmıyorlar,ona göre sipariş verin.kulaklık hiç takmadım.kurye getirdi,açtım,denedim,sağ kulak tarafta plastikte gevşeklik olduğu için kulağıma uymadı,yoksa bu modelin aynısını aylardır kulandım.aynı gün geri gönderdim,ancak red ettiler.soru cevap kısımda da,soruma,sanki red talebimi hala değerlendiriyor gibicevap yazdılar,halbuki çoktan ürünü bana tekrar geri gönderdiler ve konuyu kapattılar.",Negatif
"iadeyi kabul etmiyorlar ürün çok kötü ,sakın ’’muhtesempazar’’ satıcıdan ürün almayın kulaklığın ambalajı açıldı diye iadeyi kabul etmediler ve üstelik ürünü de geri göndermiyorlar insanları böyle kandırıp para kazanıyorlar",Negatif
gayat kötü ürün ilk günden sesinde cızırtılar var,Negatif
çöpe attım şuanda,Negatif
çin malı bir yıldız bile çokk almayın tavsiye etmem sürekli bağlantı hatası yaşıyorsunuz almayınızzz,Negatif
beş para etmez ürün çok dandik kulağa oturmuyor ve ses kalitesi düşük beğenmedim iade talebinde bulundum iademi kabul etmediler ney miş hijyen ürünmüş iadesi olmazmış ama satarken iadesi yok demiyorlar sakın almayın,Negatif
urun kırık geldı,Negatif
ürün görünüm iyi ama kablosuz bağlantı yok var gözüyor,Negatif
aldım hiç açamadım şarjı yoktu şarja taktım yine olmadı. çocuğun hevesi kursağında kaldı. ayrıca ne garanti belgesi var ne kullanım klavuzu tavsiye etmiyorum.,Negatif
kesinlikle hayır fatura ve garanti belgesi göndermiyor bir daha alışveriş yapmam.,Negatif
"kalitesiz ürün,para boşa gitti asla, pişmanım..kalitesiz ürün, arızalı cıktı üstelik",Negatif
çöp tam bir fiyasko anlatıldığı gibi değil beş para etmez iletişim yok hoparlör un biri çalışmıyordu açtım hoparlör bile yok içinde iade etmek için vaktim olmadı haram zıkkım olsun,Negatif
berbat iğrenç arkadaşlar hazır paranız boşa gitmesin biraz daha bekleyin daha iyisini alın bunu almayın,Negatif
hayır beğenmedim kaplo bağlantı çalışmıyor,Negatif
berbat hiç beğenmedim berbat bir ürün berbat bir kargo. ürünün kutusu hasarlıydı paket çamur içindeydi. kulaklığın katlanması çok zor kırılıcak gibi oluyor. parasını hak etmeyen bir ürün başka satıcı başka kargo olan bir yerden alın.,Negatif
madem sectigim renk gelmeyecek ozaman renk seçeneği koymayın nasılsa kafanıza göre gönderiyorsunuz.,Negatif
urunu begengim ama faturam gönderilmedi,Negatif
uzak durun uzak tutun beğenmem için ortada bir ürün olması lazım,Negatif
"dandik çin malı kullanmaya başladıktan bir kaç hafta sonra bozuldu, klasik dandik çin malı. hiç paranızı boşuna harcamayın",Negatif
hatalı ürün geldi hayır hatalı bozuk ürün,Negatif
ürün geldi kırık ve geri dönmek için reddetti,Negatif
şarj olmuyor açtım baktım batarya patlak ürüne lafım yok ama satan insan bi kontrol ederde gönderir demi ama. şimdi ben bunu iade etsem sürat kargo benim kaldığım yerde yok uğraştığıma değmez. sadece diyeceğim hakkım helal etmiyorum,Negatif
kusurlu ve hatalı olduğu için deneyemedik,Negatif
beğenmedim ürün dışarı çok ses veriyor tavsiye etmem,Negatif
"mağaza rezalet, iletişim 0, iade kabul etmiyorlar, kargo kaç günde geldi bilmiyorum bile mesajlara dönmüyorlar , ürün kırık geldi, boşa para harcarsınız ,n11 ile iletişime geçmeme rağmen mağazanın umrunda değil böyle mağazalar n11.com a yakışmıyor",Negatif
hayır bluetooth çalışmıyor,Negatif
sakın almayın hayır eksik geldi,Negatif
defolu üretim defolu ürün geldi. 2 adet aldım. ikisi de bükülme yerlerinden sorunlu. inanılmaz sert. açıp kapatma yapamazsınız. yaparsanız bir iki defadan sonra kesin kırılır. kullanmadan iletişime geçmeme rağmen iade almıyorlar ve mesajlarıma otomatik onaydan sonra cevap verdiler. n11 bu otomatik onay ve bu duruma çözüm bulmalıdır.,Negatif
defolu ürün geldi. 2 adet aldım. ikisi de bükülme yerlerinden sorunlu. inanılmaz sert. açıp kapatma yapamazsınız. yaparsanız bir iki defadan sonra kesin kırılır. kullanmadan iletişime geçmeme rağmen iade almıyorlar ve mesajlarıma otomatik onaydan sonra cevap verdiler. n11 bu otomatik onay ve bu duruma çözüm bulmalıdır.,Negatif
kanser olursunuz tamamen kanserojen kokuyo kulağıma uymadı daha ne yapım beğenmedim kargo verilme süresi bir hafta kanser olursunuz bu dünya için değeymez,Negatif
sakın almayın ürün eksik geldi kulaklığın kablolarının hiç biri gelmedi kutudan sadece kulaklık çıktı defalarca ulaşmaya çalıştım kimse ilgilenmedi bence buradan almayın mağdur olmayın,Negatif
ses kalitesi kötü.. bass zaten yok ama fiyatıda ona göre,Negatif
"hayır, radyo özelliği yazmasına rağmen bu özellik yok",Negatif
bozuk mal aldığım ürün bozuk çıktı sahip çıkmıyorlar,Negatif
bozuk ses cızırtılı geliyor doğru düzgün telefona bile bağlanmıyor oğlum mutlu bir şekilde sipariş ederken kulaklığın çalışmadığını görünce çok üzüldü,Negatif
kargo cok kotu.....,Negatif
ucuz etin yahnisi bu kadar olur fiyatına göre çocuğa oyuncak niyetine,Negatif
ezalet mağaza. adam akıllı paket yapmadıkları için ürün kırık geldi. mağaza geri gönderdiğimizde tutanak tutmadığımız için iade kabul etmediler. boşa giden 40 lira. sorun mağazada değil. böyle basit firmalara taviz veren n11 de ! siz siz olun bu mağazadan alışveriş yaparken dikkat edin. yorumlara bakarak sipariş verdim ama 3 kuruşluk ürün için beni yalancı çıkardılar ürünü deneyemeden boşa giden 40 lira yazık,Negatif
tavsiye etmem kesinlikle ürünün telefon ile bluetoot eşleşmesini hiç bir şekilde yapamadık. radio özelliğini hiç bir şekilde çalıştıramadık. ürün satış aşamasında yazıldığı özelliklerinin çalışmaması nedeniyle iade sürecini başlattığımızda ise 14 günlük cayma hakkına sahip ürün olmadığı gerekçesi ile çalışmayan ürün iade ettiğimiz ürünü tekrar bize gönderdiler fakat ürün de tekrar tarafıma ulaşmadı ama sisteme teslim edildi olarak girildi. anlayacağınız mağduriyet yaşadık. mağdur olmamak için dediklerimi dikkate almanızı öneririm. fakat buradan n11 e bir teşekkür etmek isterim. ürünün ederinden fazlası ile tarafımıza kupon yükleyerek mağduruyetimizi giderdiler. bu sayede ürünü daha dürüst ve düzgün çalışan başka bir firmadan n11 aracılığı ile daha kaliteli bir kulaklık alarak temin ettik.,Negatif
rabbime havale ettik çalışmayan ürün gönderip bide ürün elimize gelmedi diyen bir mekan cı ya ne denir,Negatif
sadece fiyatı için almayın kesinlikle kesinlikle biraz daha para ekleyip işe yarar bişey alın.,Negatif
arızalı kulaklık kırık geldi iadeyle uğraşmak istemedem uzatmaya çalıştığınızda her an kırılacakmış hissi veriyor almayın tavsiye etmiyorum,Negatif
plastiği kötü kokuyor,Negatif
çok kötü ürün çok basit kullanışsız.çocuklar için idare etsin bile denilemez.stereo değil.iki hoparlör tek kanaldan besleniyor.kırık geldi.iadeyle kargoyla uğraşmamak için mağazayla irtibata geçmedim.,Negatif
hayır. magaza donus dahi yapmadı. ve eksik parca var.,Negatif
yorumlara aldanıp almayın,Negatif
şarj yeri sorunlu,Negatif
almayin hayır almayın pisman olursunuz,Negatif
berbat ötesi hayır tavsiyede etmiyorum,Negatif
sipariş ettiğimiz ürün gelmedi biz radyolu kulaklık sipariş ettik. ama normal kulaklık gönderildi. e tabi mevzu çocuklar olunca da iade edemedik.,Negatif
berbat ürün çok basit.paranız boşa gider.mağaza iletişimi çok kötü.iadesi olmuyor.,Negatif
çok kötü beğenmedim çok kötü,Negatif
kırık kulaklık gönderiyorlar. ilgisiz satıcı. bir muhatap bulamadım. kırık kulaklık geldiği halde iadeyi kabul etmiyorlar. çeşitli bahaneler buluyorlar. allah'a havale ediyorum.,Negatif
tavsiye etmem farklı ürün gönderiyolar,Negatif
iletişim memnuniyetsizliğim tavsiye etmiyorum.,Negatif
berbat hayır hiç beğenmedim.,Negatif
asla almayın aldirmayin,Negatif
aldıgım ürün bir tarafı patlak çok cızırtı yapiyordu geri iyade ettim kargo ellerine ulaştı ama bana geri dönüş kimse yapmadı ben para iadesi istiyorum magza çok kötü iletişimi felan olsun,Negatif
"adresim yanlış, kulaklık kırık, karlı alışveriş ürünü kullanmak. kısmet olmadı.",Negatif
yırtık kablo paketten çıktı kablo yırtık geldi,Negatif
hiç begenmedim tavsiye etmem,Negatif
"üründen ve satıcıdan memnun değilim. satıcı ürünün nasıl çalıştığını bilmiyor. mod tuşuyla radyoya geçtiğini belirtti, fakat radyoya geçmediği için ürünü değiştirilmesi için geri gönderdim. sonrasında satıcı tekrar mesaj atarak ses tuşlarıyla radyoya geçtiğini belirtti ve ürünü geri göndereceğini belirtti. 10 gün olmasına rağmen ne ürün var ortada, ne de para iadesi. mümkünse satıcıdan ve üründen uzak durun.",Negatif
uzun süre geçti fakat sıfır ürün diye satın aldığım cihaz mikrofon ve şarj yerleri tozlu ve kullanılmış olarak geldi. iade edip paramı geri aldım.,Negatif
telefon arızalı çıktı kendiliğinden açılıp kapanıyor,Negatif
aynı telefondan eşime yaklaşık bir yıl önce almıştım. memnun kaldığımız için kendime de aldım. kendi kendine kapanıp açılıyor. çok ilginç,Negatif
sahte ürün gönderimi nitech mağazasından aldığım ürünün kutusu açık çıktı. aynı zamanda kutunun içinden redmi note 8 (2021) modeli üzerinde kılıfı yoktu. silikon kılıf sahteydi. şarj aletinde kaplama yoktu ve çizikti. telefonda kvk garantisi var yazıyor ama xiaomi'nin türkiye'de kvk ile anlaşması yok.,Negatif
telefonu yeni kutusundan cikarttimm ama telefon acilmiyor,Negatif
imei kopyalanmış mağdur edildik. mağaza dolandrici gibi satın aldığım telefonun imeisi kopyalanmış. mağazanın sayfasinda ürün yok. internet sitelerini de kapatmışlar. ayıplı ürün yerine mi geçiyorsa değişim yapacak muhatap yok. n11 i uyarmistim ama firmayı savunmuştu. n11 dolandriciyi koruyor resmen.,Negatif
"batarya bitik telefonu kullanmak için açmak istediğimizde batarya tamamen bitikti. şarj edip kullanmaya başladık ama yüzde 100 şarj olduğunu göstermesine rağmen, şarjdan döktüğünüzde yüzde 60 gösterdi. daha sonra şarjı tamamen tüketip, şarj ettiğimizde yüzde 100 olmasına rağmen şarjı hemen bitti. yani sıfır telefonda batarya bitikti.",Negatif
"telefon bozuk geldi telefon ilk geldiğinde 9 -10 saatte şarj fulleniyordu ve parlaklık yüzde 10 larda olmasına rağmen 1 saatte ful olan şarj bitiyor.şimdi hiç şarj almıyor daha 1 hafta geçti, 24 saatte yüzde 10 anca doluyor orjinal şarj aleti ile, şimdi bide bunu garantiye tekrar göndermesi uğraşması olacak telefonu da kullanmam gerekiyor, sıfır telefonda bu mağduriyetin yaşanması çok garip.",Negatif
hayır sipariş ettiğimin üründen farklı geldi,Negatif
ürün deki sorun kullanılmış olması,Negatif
"ürün yamuk geldi. xiaomi garantisi yok, genpa garantisi var. garanti dediğime bakmayın bildiğin tamirci telefonu gönderdik 1000 tl fatura çıkardı. ödemezseniz gelip telefonu alın diyor. hayatımda böyle garanti görmedim",Negatif
"bu ürün türkiye garantili olarak aldık fakat bize mesaj geldi 90 gün içerisinde kapanacaktır diye, yazık günah değilmi siz milletin hakkına giriyorsunuz bide sırf türkiye garantili diye fiyat yüksek olmasına rağmen istedik, hakkımı yasal yollardan arayacağım",Negatif
bu markayı çevremde kullananların fikirleri ile aldım.ancak kısa zamanda onlarda bende f/p ürünü olmaktan öteye geçmeyen bir telefon olduğunu anladık.çok beklenti içinde olmayın.,Negatif
benim için mesaj geldi ki bu telefon kaçak dir ve kapanacak ne yapacam ??,Negatif
ürünü siyah istedik mavi geldi karşılanması günler sürdü bu siteden son alışverişim oldu bir daha asla tercih etmem,Negatif
gönderdiğiniz cihaza böyle bir mesaj geliyor kayıtsız ürün????,Negatif
herşey olumlu fakat mağazanın ürünü diğer mağazalar çatır çatır kargolarken neymiş kendilerine kota uygulaniyormus 12 günde teslim edildi. o yüzden 1 yıldız.,Negatif
mazayi beğenmedim,Negatif
ürün elime ulaştı fakat faturaya ımeı yazılmamış.. arıyorum açan yok. son alış verişim bu mağazadan,Negatif
iade almıyorlar mahkeme yolu görüldü arkadaşlar telefona çıkan yok muhatap yok ürün bozuk çıktı iade almadılar anında geri gönderdiler beni servisle uğraştırıyorlar farzedelim ki bozuk çıkmadı 14 gün içinde iade almak zorundalar bunu da yapmadılar strateji ne güzel: ürün sat bozuk çıkarsa müşteri servisle rezil rüsva olsun suya sabuna dokunmadan satış yapsınlar bugün 7.gün tüketici mahkemesine başvuracağım şikayet var sitesine de yazacağım ömer atasoy xeomi note 8 redmi,Negatif
iade edilen ürün mağaza iletişimi zayıf,Negatif
hiç memnun kalmadım hayır servis yetersiz paket özensiz,Negatif
fatura. gelmedi memnun kalmadım,Negatif
"telefon güzel, 1 günde bana ulaştı. teşekkürler.",Pozitif
satıcı mükemmel telefon orjinal,Pozitif
çok güzel bir ürün tavsiye ederim,Pozitif
"fiyatına göre çok iyi, özellikle kamera çok iyi",Pozitif
ürün cok güzel fiyasaya gore en uygun telefon herseyle mükemmel,Pozitif
gayet güzel geldi telefonlar,Pozitif
kulladigim bildigim bir telefon gayet memnunum,Pozitif
amcama aldım çok memnun,Pozitif
hızlı bir şekilde kargoya verildi. ürün sıfır kapalı kutu olarak gönderildi. herşey için teşekkürler.,Pozitif
sapa sağlam geldi teşekkür ederim çok memnun kaldık,Pozitif
güzel paketleme ve hızlı teslimat fiyatına göre cookk iyi teşekkür ederiz,Pozitif
ürün gayet güzel pakrtleme iyi sağlam şekilde açıklamada olduğu gibi elime ulaştı. teşekkürler.,Pozitif
cok güzel ve kaliteli bir ürün teşekkürler,Pozitif
guzel elinize sağlık kardes guzel cok guzel cok guzel cok guzel cok guzel cok guzel cok guzel mükemmel,Pozitif
ürünü yiğenime aldım zaten araştırıp aldık.ürün gayet güzel,Pozitif
süper bitr ürün verdiğin paraya değer,Pozitif
bu fiyata daha iyisi yok ürünün özelliklerine baktığınızda bu fiyata başka bir tane daha bulamıyorsunuz.. daha iyisi olsa kesin alırdık 🙈 bu arada ben 3 yıldır kullanıyorum bir kere arıza oluşmadı.. şimdi de eşime aldık.. umarım o da böyle memnun kullanır..,Pozitif
mükemmel fiyat performans 5000 tl bandında alabileceğiniz en ideal telefon nitech den alırsanız üzülmezsiniz eksiksiz ve sıfır ürün gönderiyorlar.,Pozitif
çok güzel çok beyendim güzel hizlik bir telefon,Pozitif
"çok memnunum 5000tl bandında alınabilecek iyi telefonlardan birisi, tavsiye ederim.",Pozitif
çok güzel telefon.,Pozitif
"oğlum kullanıyordu,senelerdir istediğim modeldi az önce geldi. satıcı firma çok ilgili, kvk garantili çok tşk ederim",Pozitif
harika alışveriş satıcıya teşekkür hız kargo güvenli alışveriş telefon güzel kvk garantili orjinal ürün satıcı soruları hızlı cevapladı telefon gayet güzel on numara öyle çok büyük oyunlarla çok öyle tırı vırı işlerle işim olmaz normal kullanım için sosyal medya için kullanırım hafıza sı olsun hızlı şarj olması kamerası bana kafi şarjı da normal kullanım için 3 günü rahat çıkarıyor fiyat olarak on numara,Pozitif
harika fiyat performans ürünü tavsiye ediyorumm alın,Pozitif
özellikleri güzel.f/p ürünü.,Pozitif
telefon elime sorunsuz ulaştı almadan önce sorularıma hemen yanıt geldi teşekkür ediyorum nitech,Pozitif
hızlı kargo sağlıklı ürün satıcı ürünü sipariş verdiğim akşamın sabahına kargoya verdi. sipariş ettiğim ürün kvk garantili geldi teşekkürler,Pozitif
cok guzel ürün kaliteli 2 senedir sorunsuz kullaniyorum.,Pozitif
ürün sorunsuz geldi teşekkürler,Pozitif
hızlı kargo evet orjinal paketinde sevk edilmiş tesekkurler,Pozitif
denildiği gibi ürün görselde ki gibi,Pozitif
ürün anlatıldığı gibiydi. sıfır ürün ve kapalı kutuda kvk garantili. kargolama ve ürünün elime ulaşması çok hızlıydı. satıcı arkadaşa çok teşekkür ediyorum,Pozitif
gerçekten anlatildigi gibi geldi.güzel bir cihaz,Pozitif
beğendim düzgün ürün ve teslimat iyi fiyat,Pozitif
gayet kullanışlı,Pozitif
fiyat ve permormans ürünü,Pozitif
öncelikle ürünfiyat performans ürünü.on küsür yıldır samsung kullanıcısıydım tabi karar verirken biraz zorlandım ama şimdi görüyorum ki iyimi bu telefonu almışım.bilindik diğer markalara daha fazla para ödemeye gerçekten hiç gerek. yok.,Pozitif
güzel anlatıldığı gibi sıkıntı yok,Pozitif
hızlı kargo hızlı teslimat mağazaya teşekkür ederim ürün gayet başarılı ve güzel yalnız siyah renk istemiştim metalik grey renk geldi.,Pozitif
gayet hızlı ve ozenli bir kargoydu.urunde tahmin ettigimden daha iyi geldi.,Pozitif
"telefonu anlatmaya gerek yok gayet iyi bir cihaz, uzun süreçte kullanım için ideal. daha fazla ücret ödeyip başka bir cihaz almaya gerek yok.",Pozitif
harika kullanmaya başladık. güzel ve performansı iyi bir telefon. fiyatı da uygun. her şey yolunda görünüyor . tavsiye ederim.,Pozitif
ürün gayet güzel mağaza iletişimi ilgi alakası da gayet güzel 2 günde elime ulaştı hiç korkmadan alabilirsiniz,Pozitif
harika bildiğim bir ürün,Pozitif
"2 gün içerisinde siparişim geldi, güzel paketlenmişti tavsiye ederim",Pozitif
ürün son derece iyi fiyata göre performans mükemmmel fazla paralar verip diğer marka almaya gerek yok,Pozitif
harika bir urun,Pozitif
sorunsuz ürün. hızlı teslimat. teşekkürler,Pozitif
"mantıklı bence ideal bir ürün bir telefona fazla para vermeye hiç gerek yok, note 9 pro mi note 10 lite diğer seçeneklerimdi ama gerek yok dedim note 8 pro gayet yeterli geldi bana almak isteyen olursa tabsiye ederim.",Pozitif
süper ürün süper satıcı teşekkürler,Pozitif
teşekkürler memnunum teşekkürler,Pozitif
yeşil rengi muazzam. kardeşime aldım. gayet memnun fiyat performans ürünü.,Pozitif
bittibitiyor ile 1 günde teslim aldım. telefonla ilgili ilk izlenimim olumlu.,Pozitif
kaliteli ve şık bir ürün teşekkürler hızlı kargo kaliteli ve şık bir ürün,Pozitif
dün ikindin vermiş olduğum siparişim bugün öğleden önce elime ulaştı uygun fiyat ve hızlı kargo icin tesekkur ederim,Pozitif
süper ürün süper fiyat,Pozitif
ürün güzel tavsiye ederim ürünü beğendim gayet şık ve kullanışlı fakat fatura yerine barkot etiketi gibi birşey çıktı garanti belgesi çıkmadı türkiye garantili diye aldım bilmiyorum,Pozitif
çok beğendim çok iyi 2 günde elime ulaştı,Pozitif
beklentileri karşılıyor fiyat performans açısından mükemmel bir ürün ios telefonlardan beklenen her şeyi karşılıyor daha ne olsun.kamera kalitesi de iyi.,Pozitif
guvelinir maza evet çok güzel anlatıldığı gibi.,Pozitif
tam beklediğim gibi herkese tavsiye ediyorum,Pozitif
ürün anlatıldığı gibiydi,Pozitif
teşekkürler gayet başarılı...,Pozitif
"ses kalitesi mükemmel zaten kullanıcı için en önemli olay fotoğraf, müzik ve sosyal medya aktiviteleri. hepsini karşılıyor. oyun meraklıları için de güzel bir telefon. daha fazla hız isterlerse poco x3 alabilirler.",Pozitif
şık gayet güzel telefon şimdilik herhangi bir sıkıntı yok,Pozitif
ilginiz ve pakatlemeniz için tesekkurler evet güzel bir şekilde ulasti,Pozitif
f/p mükemmel tavsiye şiddeti sonsuz telefon mükemmel şiddetle tavsiye ederim alın hiç pişmanlık yaşamazsınız amiral telefondur ayrıca siyahi süper olmuş,Pozitif
zaten telefona denecek birşey yok. benim kanaatimce eski modelde olsa bence xiaomi nin satışta rekor kırdığı telefon budır.,Pozitif
bu telefonu daha önce yeğenimede almıştım kullanışı hızı çok iyi dedi kendimede aldım dün aldım bu gün geldi,Pozitif
akıllı telefon budur. bu güne kadar kullandığım en performanslı telefon.,Pozitif
mağaza ilgili ürün sorunsuz gönül rahatlığı ile alabilirsiniz iletişim kargo ürün hepsi sorunsuz,Pozitif
değerli bir telefon telefon bu gün elime geçti ve her yönüyle çok memnun olduğum bir telefon oldu. hayatımızda telefon bu kadar çok yer tutarken bu bize iyi geldi...,Pozitif
telefon gerçekten çok güzel ve kaliteli.,Pozitif
10 üzerinden 9.99,Pozitif
güvenilir ürün güzel mağaza güvenilir hızlı kargo teşekkür ederim,Pozitif
100 üzerinden 100,Pozitif
evet ürün anlatıldığı gibi özenli ve bütün aksesuarlarıyla beraber geldi,Pozitif
mağazaya çok teşekkür ederim ürünü cumartesi sipariş verdim pazartesi sabah geldi orjinal ürün evofone garantili teyit ettim,Pozitif
orjinal ürün kaliteli alışveriş,Pozitif
gayet guzel aldığımız üründen memnunuz.magazada sorun yaşamadık güzel.,Pozitif
memnuniyet bu siteden çok memnunum,Pozitif
evet hatasız ve guvenilir,Pozitif
paranınızın hakkını fazlasıyla veriyor hiç tereddüt etmeden alın,Pozitif
daha önce kullandığım bir ürün.a++ kalite.,Pozitif
guvenilir on üzerinden on,Pozitif
ürün hakkında ürünü beğendim. teslimat çok hızlıydı.,Pozitif
"harika telefon telefon gerçekten de harika, bence millet elmaya armuta boşuna çok paralar veriyor..",Pozitif
tavsiye üzerine aldım cihazı tavsiye ve internet araştırma üzerine aldım fiyat performans olarak aldım bakıp göreceğiz zaten bu fiyatlara bundan çok daha iyisini beklemekte şey hayalperestlik olur,Pozitif
"hızlı kargo iyi fiyat kendim note 8 kullanıyordum, oğluma note 8 pro aldım cihazdan memnunum. tavsiye ederim.",Pozitif
ürün anlatıldığı gibi kapalı kutu istediğim renk geldi muhafazası yeterliydi. hızlı geldi beğendim,Pozitif
ürünü ithalatçı garantili zannederek yanlış yorumda bulunmuşum. buna istinaden firma yetkilisi dönüş yaparak ürünün xiaomi türkiye garantili olduğunu belirtti. garanti kâğıdı üzerinde yazan dora firmasını ve evofone'yi arayarak cihazın durumunu sordum. ürünün türkiye garantili olduğunu söylediler. firmayı töhmet altında bıraktığım için özür diliyorum. güvenle ürünü satın alabilirsiniz.,Pozitif
"ürün paketlenmesi çok özenli yapılmış. telefon için tek diyeceğim mükemmel. hız, akıcılık ve şarj. hepsi çok iyi.",Pozitif
ürün özenle kargolanmıştı. teşekkürler.,Pozitif
sıkıntısız teslimat henüz yeni kullanmaya başladım fiyat bazlı bakıldığında gayet şık ve güzel bir ürün tavsiye ederim,Pozitif
fiyat performans öncesinde redmi note 8 kullandım şimdi pro modelini aldım arasında baya fark var tavsiye ederim fiyat performans cep tel kralıdır tavsiye ederim 👍,Pozitif
süper.. bu fiyata bu performans gerçekten kalite.. ürün gerçekten üst kalite hız performans süper.,Pozitif
iyi ürün ürünü cuma öğleden sonra sipariş verdim. hemen kargoya verildi. salı günü de teslim aldım. herhangi bir sıkıntı yok kutu çiziksiz geldi. ürün bilindiği gibi gayet f/p ürünü,Pozitif
"özenli paket,hızlı ulaşım,tşk ederim.... kullanışlı bir cihaz...tşk ederim...",Pozitif
"teşekkürler mağazaya ve n11 e beğendim,çok teşekkürler. maşallah çok güzel bir telefon. inşallah güzel günlerde uzun yıllar kullanırız.",Pozitif
ilginiz için teşekkürler,Pozitif
harika bir telefon.,Pozitif
telefon elime geçti. çok güzel bir telefon,Pozitif
anlatıldığı gibi sorunsuz güzel alışveriş oldu.,Pozitif
gayet güzel ürünü arkadaşa aldık kullanan kişi ben değilim paket alımını ve kurulumu ben yaptım gayet özenli paket arkadaş üründen memnun kaldı olumsuz yanı kulaklık çıkmadı buna şaşırdım hayret,Pozitif
mükemmel ürün fiyat performans,Pozitif
"almayı düşünüyorsanız ertelemeyin her geçen gün fiyatı artıyor, ürün zaten kendini ispatlamış yoruma ne gerek var...",Pozitif
evet bu paraya alınacak en iyi telefon,Pozitif
ideal bir ürün evet genel itibari ile güzel,Pozitif
aynen dedikleri gibi aynen görseldeki ürün 2 tane aldım 1.si çok çabuk geldi 2. hafta sonuna denk geldi ama beklemeye değer,Pozitif
hızlı ve güvenilir . kaliteli ürün sensör sıkıntısı var umarım gelecek güncellemeler ile giderilir..,Pozitif
"hızlı kullanışlı, kamarası güzel telefonun garantisinde muhattap bulunamayacağı hakkında yorumlar vardı ama yinede aldım, 128 gb/6gb ram gayet iyi, kamerası güzel, 10 senelik iphone kullanıcısıyım, bu telefonu görünce iphone a boş yere çok para verdiğimi anladım.",Pozitif
güzel alışveriş oldu ürün kesinlikle tavsiye ederim,Pozitif
guzel urun başarılı kargo,Pozitif
çok memnun kaldım,Pozitif
çok iyi performans. harika fiyat performans,Pozitif
sorunsuz telefonu ablam için aldım. 24 saat geçmeden elime geçti. paketleme süper. telefonu daha önce incelemiştim. fiyat performans ürünü güvenle alabilirsiniz.,Pozitif
aranan ürün ürün gayet güzel,Pozitif
mükkembel bir hizmet hızlı ve kaliteli ben memnun kaldım cuma verdim siparişi pazartesi aldım tavsiye ederim teşekürler,Pozitif
hızlı ulaşım :) ürünü sipariş verdim ve çok kısa sürede elime ulaştı. sadece sipariş verirken mavi olanı seçtim ama sistem hatası mı bilemiyorum siparişte beyaz telefon gözüküyordu. mağaza ile iletişime geçtim biraz geç cevap verdiler ama değişimi sağladım mavi geldi. yine de teşekkürler 😊,Pozitif
kusursuz evet tavsiye ederim,Pozitif
ürün ağırlığını ve kalitesini yeterince hissettiriyor harika şık bir telefon hiç düşünmeyin bence içiniz rahat olsun ilk işiniz kılıf ve kırılmaz cam almak olsun. ayrıca oldukça seri bir telefon,Pozitif
ürün açıklamalardaki gibi ve zamanında teslim edldi,Pozitif
ürünüm elime ulaştı istediğim renkte ve kvk garantili teşekkürler,Pozitif
tek kelime ile mukemmel ürün harika elime aldığımda beri bırakamıyorum herşeyimi kendime göre ayarlamak istiyorum,Pozitif
çok güzel bir ürün iki gün önce sipariş verdim. bugün geldi. oğluma hediye almıştım. çok güzel ve hızlı. herkese tavsiye ederim. mağazaya teşekkür ederim.,Pozitif
tam istediğim urun daha önce de xiaomi kullanıyorum memnundum bundanda memnun kalacağına inanıyorum .,Pozitif
"telefonu bilen bilir zaten ..jelatinli ,sifir paketindeydi. en uygun fiyat burdaydi, pazartesi siparis sali elimdeydi, kargo paketi cok iyiydi",Pozitif
teşekkür ćok güzel bir ürün çok güzel.kullanışlı,Pozitif
teşekkür ediyorum begendim emeği geçenlere teşekkür ediyorum,Pozitif
kalite var ürünü alacaklara tavsiye ederim urun bence yıllardır samsun kullanıcı olarak söylüyorum bu telefon her yönüyle iyi görüntüsü dizayn çekimi güzel bir urun tavsiye ederim,Pozitif
mükemmel ürün bu fiyatlara alabilinecek en güzel en hızlı en kaliteli ürün. tavsiye ederim,Pozitif
çok hızlı elime ulaştı özenle paketlenmişti orijinal ürün yeni yeni kullanmaya başladım şu anlık her şey yolunda kesinlikle tavsiye ederim,Pozitif
"mükemmel hızlı gönderi uzun zamandır bu telefonu inceliyordum. uygun anı kolluyordum. xiomi pro 6 kullanıyorum, çok memnundum. bu bir üst sınıf daha mükemmel",Pozitif
beklemediğimiz gibi ürün güzel mağaza iyi,Pozitif
güzel telefon düşünenlere tavsiye ederim.,Pozitif
güzel telefon tavsiye ederim,Pozitif
f/p ürünü kaçırmayın derim,Pozitif
güzel cihaz. tavsiye ederim,Pozitif
"güzel, güvenli hoş ve güzel, kullanışlı, ideal",Pozitif
"sorunsuz sipariş sorunsuz bir şekilde elime ulaştı. satıcı ilgili,paketleme sağlam. teşekkür ederim.",Pozitif
güzel bir alışverısti evet ürün güzel ben not 8 ini kullanıyorum bu seferde prosunu denemek istedim harika bir ürün,Pozitif
tesekkurler evet gayet iyi bir urun,Pozitif
on numara beş yıldız herkese tavsiye ederim güzel ürün kaliteli mağaza hızlı kargo daha ne olsun,Pozitif
ürün harika çocuğuma sipariş ettim,Pozitif
piyasada fiyat ve kalite ile bir araya gelmiş bir telefon,Pozitif
ürün güzel tavsiye ederim,Pozitif
tek kelime mağaza süper süper süper mağaza aynı gün kargoya verdi kargomu 2 gün içinde elime ulaştı telefon allah razı olsun böyle güzel kaliteli insanlardan her zaman hiç düşünmeden böyle kaliteli mağazalardan alın çok tavsiye ediyorum n11 çok teşekkürler ayrıcada t.c,Pozitif
fiyat/performans ürünü. ürün gayet iyi tavsiye ederim. ısınma sorunu ile ilgili gameturbo ayarlarında ısınma donanım arızalarını engelle seçeneğini açarsanız ısınma oranını düşürürsünüz. ısınmayla ilgili farkettiğim diğer şey ise kılıf kullanımı ısınmaya yardımcı oluyor. şahsi görüşüp f/p ürünüdür.,Pozitif
hızlı kargo tşk. ler,Pozitif
"uygun fiyat ve hızlı gönderi için teşekkür ederim, herkese tavsiye ederim.",Pozitif
hızlı kargo mükemmel ürün,Pozitif
hızlı ve güvenli alışveriş ürün çok hızlı geldi ve paketleme çok iyi yapılmış. ürün harika redmi note 9 ve prosundan dan daha iyi. magazaya gönderim süresi ve paketleme için teşekkürler.,Pozitif
"f/p olarak orta segmentin en iyi telefonu, özellikle bu fiyat aralığında selfie kamerası en iyisi olabilir. arka kamerası zaten efsane. işlemci oyun oynayanlar için çok ideal, ısınma problemi yok ve şarjı çok uzun süre gidiyor.",Pozitif
urun tamamen anlatildigi gibi mükemmel,Pozitif
harika bir tlf tlfonu arastirarak aldim.guzel bir tlf. lakin gercek fiyatinin cok cok ustunde. kendime 1 tane alirken 1 de devlete almaya mecbur birakilmak akil alir bir uygulama degil.,Pozitif
çok memnunum..ürün orjinal ve aynı gün kargolandı..,Pozitif
hızlı kargo için teşekkürler,Pozitif
tavsiye ederim ürünün görsel olarak ta işlev olarak ta çok güzel..,Pozitif
hızlı gönderi evet beğendim özellikle türkiye garanti olması çok iyi,Pozitif
düzgün satıcı evet ürün gayet güzel,Pozitif
babama aldım harika bir cihaz fiyatına göre çok performanslı,Pozitif
harika herşey için çok teşekkür ederiz,Pozitif
harika çok güzel bir telefon..ikinciyi l alıyorum elma halt etmiş yanında..,Pozitif
güzel bir cep telefonu.,Pozitif
evet begendim......,Pozitif
iyidir idare eder şimdilik memnunum inşallah bir sorun çıkmaz...,Pozitif
ürünü çok beğendim yorumlara bakarak aldım,Pozitif
hızlı kargo kaliteli ürün tavsiye ederim,Pozitif
başarılı alışveriş ürün çok güzel. bu fiyata alınabilecek en iyi telefon.kaçırmayın derim.,Pozitif
"başarılı satıcı ürün fiyat performans dengesi açısından harika, garantileri ile birlikte geldi tavsiye ederim",Pozitif
"güzel ürün,hızlı teslimat,ilgili mağaza.herşey mükemmeldi.teşekkürler",Pozitif
piyasadaki telefonlara göre beklentinin üzerinde ihtiyacı olanlara tavsiye ederim.,Pozitif
mükemmel yeğenim için aldım ama çok güzel telefon,Pozitif
evet ürün anlatıldığı gibiydi teşekkürler,Pozitif
"hızlı teslimat, güzel urun ürünü beğendim. dokunmatigi, parmak izi okuyucusu çok iyi ve hızlı. kamerası gayet güzel, ses net çıkıyor. telefon hızlı. ilanda belirtildiği gibi türkiye garantili.",Pozitif
"güvenli satıcı, mutlu alışveriş istediğim ürünün tam anlamı ile aynısı geldi.",Pozitif
"satıcı firmaya teşekkürler ürün; görünüm olarak sandığımdan çok daha iyi, özellik olarakta çok iyi, sadece kamera odaklı düşünmeyin, güzel ve kullanışlı telefon, bu fiyata süper kalite...",Pozitif
tam bir fiyat/performans olduğu söyleniyor daha kullanmadık ama tam bir fiyat/performans olduğu söyleniyor. alacak kişilere tavsiye edebilirim.,Pozitif
teşekkür ederim evet. fiyatına göre çok kaliteli bir ürün.,Pozitif
güvenilir satıcı-hızlı kargo ürün gayet güzel ve kullanışlı.,Pozitif
oğluma aldım. ürün beklentilermizi karşıladı. ideal bir ürün.,Pozitif
herşey yazdığı gibi. hızlı kargo,Pozitif
f/p de rakipsiz,Pozitif
ürünün kvk garantili olmasi içimi rahatlattı. aldığım gün 1 saat içinde kargoya verildi. kurulumunu yaptım kamera kalitesi süper. ben çok sevdim kesinlikle tavsiye ederim,Pozitif
oldukça kaliteli ve kullanışlı bir üründür.,Pozitif
çok güzel ürün çok beğendim çok güzel cihaz teşekkürler,Pozitif
süper telefon telefon mükemmel,Pozitif
"sorunsuz alışveriş sorunsuz alışveriş, güvenilir satıcı, hızlı kargo ilanda belirtildiği gibi faturalı, garantili açılmamış paket, note 8 pro zamlardan sonra bile halen bu özelliklerde bu fiyata telefondan başkası alınmaz.",Pozitif
fp ürünü tavsiye ederim,Pozitif
kalite alışkanlık yapar fevkalade harka ve hızlı,Pozitif
gayet hizli gayet guzel. tavsiye ederim,Pozitif
ürün gayet güzel tavsiye ederim orijinal türkiye garantili faturalı tavsiye ederim,Pozitif
etkileyici tavsiye edilir güzel bir ürün,Pozitif
memluniyet çok güzel ama istemediğim renk geldi,Pozitif
sorunsuz ürün sipariş verdiğim ertesi gün elime ulaştı. kutusu orijinal ve eksiksiz geldi çok teşekkürler,Pozitif
ürün güzel kargo hızlı teşekkürler,Pozitif
"telefonu tereddüt etmeden alabilirsiniz, adamlar çok güzel iş çıkarmışlar.",Pozitif
zamanında elime ulaştı teşekkür ediyorum telefonu zaten biliyorsunuz :),Pozitif
telefon iyi gibi kulandıkça belli olacak anbalaj orjinal istediğim gibi kaliteli telefona benziyor.kulandıkça belli olacak.,Pozitif
harika kesinlikle,Pozitif
teşekkürler güzel gözüküyor kullanınca anlarız ama herkes çok metediyor,Pozitif
daha öncede kullandığım telefon 10 üzerinden 10 kargo mağaza hızlı,Pozitif
ürün fiyatına göre çok iyi. bu fiyata daha iyisi çok zor . tavsiye üzerine aldım ve çok memnunum,Pozitif
ürünü zaten biliyordum beyendigim üründü problemsiz kullaniyorum,Pozitif
güzel ürün teşekkürler,Pozitif
ürün gayet güzel. jelatinli olarak genpa garanti ile geldi.,Pozitif
ürün anlatıldığı gibi genpa servis garantisi içerisinde alınacak bir ürün,Pozitif
al kullan memnun kal,Pozitif
urun cabucak geldi. paketleme ozenliydi tesekkurler.,Pozitif
bence çok iyi telefon. tereddüt etmeden alabilirsiniz.,Pozitif
ürün anlatıldığı gibi mükemmel,Pozitif
tek kelimeyle harika bir telefondan beklentilerimin ötesinde. söylenecek söz yok. mükemmel! diğer sitelerden daha uygundu. iyi ki bu satıcıdan almışım. teşekkürler.,Pozitif
perfect ürünü kesinlikle çok beğendim.,Pozitif
güzel alışveriş sitesi evet beklemediğim kadar,Pozitif
urun gayet guzel...,Pozitif
öncelikle kaliteli olduğu çalıştığı kargodan belli olan firmanın paketlemesi ve hızlı teslimati beni memnun etti . ürün anlatigi gibi herhangi bir sorunla karşılaşmadım . rahatlıkla alınabilir bir ürün .. herkese keyifli alışverişler dilerim.,Pozitif
f/p ürünü fiyat performans olarak alınabilecek em iyi telefonlardan biri,Pozitif
"teşekkürler telefon hızlı, şarjı iyi, kamerası iyi.",Pozitif
on numara beş yıldız,Pozitif
ürün çok haşuma gitti beni mutsuz eden tek durum geçen aylarda fiyatı 2.200 iken birde 3000 çıktı keşke o zaman alsaymışım,Pozitif
urun siparisin aynisi geldi. paketle iyiydi. elektronik esyada guvenilir firma zor bulunuyor. herzaman buradan alisveris yapacam.,Pozitif
çok teşekkür ediyorum,Pozitif
gayet başarılı fiyat performans açısından oldukça tatmin edici.,Pozitif
"gayet güzel. kullanan arkadaşların olumlu görüşü üzerine sipariş etmiştim. iyi ki de öyle yapmışım. çok güzel bir telefon. şarjı harika, hızı gayet iyi. daha iyisi ne olur bilmiyorum hele hele fiyatına bakınca...",Pozitif
banim için yeterli ürün iyi gayet güzel ben şahsen beğendim,Pozitif
tavsiye ederim ürün fiyat performans açısından çok iyi ama uygulama geçişleri iphone'a kıyasla çok zayif,Pozitif
mikemmelll cihazı eşime aldım bayıldı telefona gerçekten çok hızlı çok güzel kendim iphone 7 plus kullanıcısıyım ne yalan söyliyim aynısından alasım var androidde xiaomi uçtu bence alacak olanlar düşünmesin bile mağazada süper ilgililer orjinal ürün global versiyon kargolama süper daha ne olsun ..!,Pozitif
başarılı ürün birebir aynısı geldi ve paketlenmesi de çok iyidi,Pozitif
bilindik ürün guzel kaliteli,Pozitif
ürün güzel beğenmemek ayıp olur.,Pozitif
çok bir ürün tekrarını bir hafta sonra hediye aldim,Pozitif
çok iyi kargo hızlı ürün güzel teşekkürler,Pozitif
güvenilir kaliteli hizmet güvenilir,Pozitif
güvenilir güvenilir kaliteli,Pozitif
very good :) fiyat performans olarak harika bir ürün.,Pozitif
indirimde gördükçe stok yaptığım ıslak mendil tek geçerim,Pozitif
cihazı kullanma fırsatım olmadı ama iyi bi cihaz olduğunu bildiğimiz icin satın aldık kutudan hasarlı çıktı iade talebi olusturdum beklemedeyim.,Negatif
müşteri hizmetleri rezil size yemin ederim 29 dk falan bağlanmayı bekledim ne dönüş oldu ne iletişim kurdum tabletten çok memnunum fakat bu satıcıdan almanızı önermiyorum ayrıca kargolama da kalitesiz,Negatif
2 iş günü içerisinde elime ulaştı.ürün ortada pek fazla söylenicek bir şey yok.üniversite öğrencisiyim derslerime baya yardımcı ve uygun.,Pozitif
ürünün kurulumunu yapıp 1 gün boyunca uygulama ve oyun yüklemesi yaptım hızı kullanımı herşeyiyle mükemmel.tam bir fiyat performans ürünü.tavsiye ederim,Pozitif
harika bir ürün hızlı kargo teşekkürler ♥️,Pozitif
ürünü 500tl indirim kuponu ile aldım. apple kalitesi gerçekten. mükemmel bir tablet. tek kötü özelliği 2 hoparlörde alt kısımda.,Pozitif
anlatmaya gerek yok kalite elinize uygun fiyata ulaşıyo :) kargoda kısa sürede elime ulaştı teşekkürler hepsiburada,Pozitif
apple kalitesi hepsiburada güvencesi ile aynı gün teslimatı yapıldı mükemmel bir hizmet apple ürünü alan zararlı çıkmaz çok teşekkür ederim emeğinize sağlık hepsiburada.com ve calisanlarina..,Pozitif
akşam sipariş verdim sabah geldi. tablet hakkında denilebilecek hiçbir şey yok zaten. muhteşem.,Pozitif
